url,locale,routeType,sourceFile,status,indexableExpected,canonical,hreflangOk,htmlLang,title,description,h1,schema,sitemapExpected,sitemapFound,bodyLanguageOk,notes
"/ru","ru","core","app/[locale]/page.tsx","200","true","https://dordoi.help/ru","true","ru","Dordoi.help — оптовая платформа для рынка Дордой | Dordoi.help","Ищите товары, поставщиков и байеров рынка Дордой в одном месте. B2B-инструмент для СНГ.","Поставщики, байеры и карго рынка Дордой в одном каталоге","present","true","true","true",""
"/ru/catalog","ru","core","app/[locale]/catalog/page.tsx","200","true","https://dordoi.help/ru/catalog","true","ru","Каталог поставщиков Дордой — оптовые продавцы, фильтры и поиск | Dordoi.help","Каталог поставщиков рынка Дордой: оптовые продавцы одежды, обуви, сумок и текстиля. Найдите поставщика, байера или карго для закупки товаров из Бишкека.","Каталог оптовых поставщиков рынка Дордой","present","true","true","true",""
"/ru/sell","ru","core","app/[locale]/sell/page.tsx","200","true","https://dordoi.help/ru/sell","true","ru","Продать оптом — Dordoi.help | Dordoi.help","Цифровой профиль и витрина для оптовиков рынка Дордой: заявки от покупателей и контакты без лишних поездок по рядам.","Рынок меняется. Будьте там, где вас ищут.","present","true","true","true",""
"/ru/suppliers","ru","core","app/[locale]/suppliers/page.tsx","200","true","https://dordoi.help/ru/suppliers","true","ru","Поставщики Дордой — оптовые продавцы рынка Дордой | Dordoi.help","Найдите поставщиков рынка Дордой: оптовые продавцы одежды, обуви, сумок и текстиля. Каталог помогает покупателям найти подходящего поставщика, байера или карго.","Поставщики рынка Дордой — оптовые продавцы и контакты","present","true","true","true",""
"/ru/buyers","ru","core","app/[locale]/buyers/page.tsx","200","true","https://dordoi.help/ru/buyers","true","ru","Проверенные байеры рынка Дордой — Dordoi.help | Dordoi.help","Справочник снабженческих агентов: выкуп, фотоотчёт, проверка партии и организация доставки по СНГ.","Найти проверенного байера","present","true","true","true",""
"/ru/buyer-service","ru","core","app/[locale]/buyer-service/page.tsx","200","true","https://dordoi.help/ru/buyer-service","true","ru","Байерам — Dordoi.help | Dordoi.help","Инструменты для байеров: подбор товара, проверка качества, сбор заказов.","Байерам","present","true","true","true",""
"/ru/about","ru","core","app/[locale]/about/page.tsx","200","true","https://dordoi.help/ru/about","true","ru","Что такое Dordoi.help — каталог поставщиков и услуг рынка Дордой | Dordoi.help","Dordoi.help помогает покупателям из СНГ находить поставщиков, байеров, категории товаров и услуги рынка Дордой без раскрытия приватных контактов до доступа.","Dordoi.help — каталог поставщиков, байеров и услуг рынка Дордой","present","true","true","true",""
"/ru/how-it-works","ru","core","app/[locale]/how-it-works/page.tsx","200","true","https://dordoi.help/ru/how-it-works","true","ru","Как работает Dordoi.help — поиск поставщика, байера и карго | Dordoi.help","Пошаговая инструкция: выбрать категорию, посмотреть поставщиков, открыть доступ к контактам, связаться с продавцом или байером и организовать закупку.","Как работает Dordoi.help","present","true","true","true",""
"/ru/for-buyers","ru","core","app/[locale]/for-buyers/page.tsx","200","true","https://dordoi.help/ru/for-buyers","true","ru","Покупателям — как найти поставщиков на рынке Дордой | Dordoi.help","Страница для покупателей: поставщики Дордой, категории, доступ к контактам, байеры, карго и закупка из стран СНГ.","Покупателям: как найти поставщика на Дордое","present","true","true","true",""
"/ru/for-sellers","ru","core","app/[locale]/for-sellers/page.tsx","200","true","https://dordoi.help/ru/for-sellers","true","ru","Продавцам Дордой — размещение в каталоге Dordoi.help | Dordoi.help","Для продавцов и поставщиков рынка Дордой: цифровая витрина, заявки от покупателей из СНГ, категории и безопасная выдача контактов.","Продавцам: зачем размещаться в Dordoi.help","present","true","true","true",""
"/ru/help","ru","core","app/[locale]/help/page.tsx","200","true","https://dordoi.help/ru/help","true","ru","Помощь и инструкции — Dordoi.help | Dordoi.help","Как искать поставщиков в каталоге, связаться с продавцом, добавить магазин через Telegram-бота и написать в поддержку.","Помощь и инструкции","present","true","true","true",""
"/ru/faq","ru","core","app/[locale]/faq/page.tsx","200","true","https://dordoi.help/ru/faq","true","ru","FAQ Dordoi.help — поставщики, контакты, байеры и карго | Dordoi.help","Ответы на частые вопросы о Dordoi.help: как найти поставщика Дордой, открыть контакты, работать с байером, карго и продавцам попасть в каталог.","FAQ по Dordoi.help","present","true","true","true",""
"/ru/dordoi-kazakhstan","ru","core","app/[locale]/dordoi-kazakhstan/page.tsx","200","true","https://dordoi.help/ru/dordoi-kazakhstan","true","ru","Дордой Казахстан — поставщики, оптовая закупка и доставка | Dordoi.help","Как покупателям из Казахстана искать поставщиков на рынке Дордой: категории, байеры, карго и закупка оптом через Dordoi.help.","Дордой для Казахстана: поставщики, опт и доставка","present","true","true","true",""
"/ru/dordoi-uzbekistan","ru","core","app/[locale]/dordoi-uzbekistan/page.tsx","200","true","https://dordoi.help/ru/dordoi-uzbekistan","true","ru","Дордой Узбекистан — поставщики, закупка и карго | Dordoi.help","Страница для покупателей из Узбекистана: как найти поставщика на Дордое, выбрать категорию, подключить байера и обсудить карго.","Дордой для Узбекистана: поставщики и закупка оптом","present","true","true","true",""
"/ru/dordoi-tajikistan","ru","core","app/[locale]/dordoi-tajikistan/page.tsx","200","true","https://dordoi.help/ru/dordoi-tajikistan","true","ru","Дордой Таджикистан — оптовая закупка и доставка | Dordoi.help","Как покупателям из Таджикистана искать поставщиков на рынке Дордой, работать с байером и организовать доставку партии.","Дордой для Таджикистана: оптовая закупка и доставка","present","true","true","true",""
"/ru/dordoi-russia","ru","core","app/[locale]/dordoi-russia/page.tsx","200","true","https://dordoi.help/ru/dordoi-russia","true","ru","Дордой Россия — поставщики, опт и доставка товаров | Dordoi.help","Покупателям из России: как искать поставщиков на Дордое, выбирать категории, работать с байером и планировать доставку.","Дордой для России: оптовая закупка через каталог","present","true","true","true",""
"/ru/dordoi-kyrgyzstan","ru","core","app/[locale]/dordoi-kyrgyzstan/page.tsx","200","true","https://dordoi.help/ru/dordoi-kyrgyzstan","true","ru","Дордой Кыргызстан — рынок Дордой Бишкек и каталог поставщиков | Dordoi.help","Локальная страница для Кыргызстана: рынок Дордой в Бишкеке, поставщики, категории, байеры, карго и каталог Dordoi.help.","Дордой Кыргызстан: рынок в Бишкеке и каталог поставщиков","present","true","true","true",""
"/ru/contact","ru","core","app/[locale]/contact/page.tsx","200","true","https://dordoi.help/ru/contact","true","ru","Контакты — Dordoi.help | Dordoi.help","Служба поддержки Dordoi.help: Telegram, email и время работы. Администрация каталога не продает товары — вопросы по заказам задавайте продавцу.","Контакты","present","true","true","true",""
"/ru/privacy","ru","core","app/[locale]/privacy/page.tsx","200","true","https://dordoi.help/ru/privacy","true","ru","Политика конфиденциальности — Dordoi.help | Dordoi.help","Как Dordoi.help собирает и обрабатывает персональные данные: каталог, продавцы и покупатели.","Политика конфиденциальности","present","true","true","true",""
"/ru/terms","ru","core","app/[locale]/terms/page.tsx","200","true","https://dordoi.help/ru/terms","true","ru","Условия использования — Dordoi.help | Dordoi.help","Тарифы, подписки $10/мес, размещение байера $400 за 3 месяца, возвраты, Lemon Squeezy и ограничение ответственности Dordoi.help.","Условия использования (Terms of Service)","present","true","true","true",""
"/ru/refund","ru","core","app/[locale]/refund/page.tsx","200","true","https://dordoi.help/ru/refund","true","ru","Политика возвратов — Dordoi.help | Dordoi.help","Возврат за подписку $10 и размещение байера $400 за 3 месяца, физические товары, отмена подписки Lemon Squeezy, ошибочные списания.","Политика возвратов (Refund Policy)","present","true","true","true",""
"/ru/kargo-dordoi","ru","core","app/[locale]/kargo-dordoi/page.tsx","200","true","https://dordoi.help/ru/kargo-dordoi","true","ru","Карго Дордой — доставка товаров с рынка Дордой | Dordoi.help","Карго Дордой и доставка товаров из Бишкека. Узнайте, как найти байера, поставщика и организовать доставку через сервис Dordoi.help.","Карго Дордой: доставка товаров из Бишкека","present","true","true","true",""
"/ru/dordoi-optom","ru","core","app/[locale]/dordoi-optom/page.tsx","200","true","https://dordoi.help/ru/dordoi-optom","true","ru","Дордой оптом — товары, поставщики и закупка в Бишкеке | Dordoi.help","Дордой оптом: категории товаров, поставщики, байеры и закупка через каталог Dordoi.help для покупателей из Кыргызстана и других стран.","Дордой оптом: товары, поставщики и закупка через каталог","present","true","true","true",""
"/ru/rynok-bishkek","ru","core","app/[locale]/rynok-bishkek/page.tsx","200","true","https://dordoi.help/ru/rynok-bishkek","true","ru","Рынок Бишкек - оптовые рынки, поставщики и Дордой | Dordoi.help","Гид по рынкам Бишкека для оптовых покупателей: где искать поставщиков, когда выбирать Дордой, как пользоваться каталогом Dordoi.help, байером и карго.","Рынок Бишкек: где искать поставщиков и оптовые товары","present","true","true","true",""
"/ru/rynok-dordoi","ru","core","app/[locale]/rynok-dordoi/page.tsx","200","true","https://dordoi.help/ru/rynok-dordoi","true","ru","Рынок Дордой Бишкек — поставщики, опт и каталог продавцов | Dordoi.help","Информация о рынке Дордой в Бишкеке: поставщики, оптовые категории, байеры, карго и каталог продавцов на Dordoi.help.","Рынок Дордой в Бишкеке: поставщики, опт и каталог продавцов","present","true","true","true",""
"/ru/categories/zhenskaya-odezhda-optom","ru","category","app/[locale]/categories/[categorySlug]/page.tsx","200","true","https://dordoi.help/ru/categories/zhenskaya-odezhda-optom","true","ru","Женская одежда оптом Дордой — поставщики и продавцы | Dordoi.help","Поставщики женской одежды на рынке Дордой: оптовые продавцы, шоурумы и точки продаж. Найдите подходящего поставщика через каталог Dordoi.help.","Женская одежда оптом на рынке Дордой","present","true","true","true",""
"/ru/categories/muzhskaya-odezhda-optom","ru","category","app/[locale]/categories/[categorySlug]/page.tsx","200","true","https://dordoi.help/ru/categories/muzhskaya-odezhda-optom","true","ru","Мужская одежда оптом Дордой — поставщики рынка Дордой | Dordoi.help","Каталог поставщиков мужской одежды на рынке Дордой: оптовые продавцы, магазины и точки продаж для закупки товаров в Бишкеке.","Мужская одежда оптом на рынке Дордой","present","true","true","true",""
"/ru/categories/detskaya-odezhda-optom","ru","category","app/[locale]/categories/[categorySlug]/page.tsx","200","true","https://dordoi.help/ru/categories/detskaya-odezhda-optom","true","ru","Детская одежда оптом Дордой — поставщики и продавцы | Dordoi.help","Поставщики детской одежды на рынке Дордой: оптовые продавцы, магазины и точки продаж. Подберите поставщика через каталог Dordoi.help.","Детская одежда оптом на рынке Дордой","present","true","true","true",""
"/ru/categories/nizhnee-bele-kupalniki-optom","ru","category","app/[locale]/categories/[categorySlug]/page.tsx","200","true","https://dordoi.help/ru/categories/nizhnee-bele-kupalniki-optom","true","ru","Нижнее бельё и купальники оптом Дордой — поставщики | Dordoi.help","Оптовые поставщики нижнего белья, купальников и сопутствующих товаров на рынке Дордой. Каталог продавцов для закупки в Бишкеке.","Нижнее бельё и купальники оптом на рынке Дордой","present","true","true","true",""
"/ru/categories/obuv-optom","ru","category","app/[locale]/categories/[categorySlug]/page.tsx","200","true","https://dordoi.help/ru/categories/obuv-optom","true","ru","Обувь оптом Дордой — поставщики обуви на рынке Дордой | Dordoi.help","Поставщики обуви на рынке Дордой: женская, мужская и детская обувь оптом. Найдите продавца через каталог Dordoi.help.","Обувь оптом на рынке Дордой","present","true","true","true",""
"/ru/categories/sumki-kozhgalantereya-optom","ru","category","app/[locale]/categories/[categorySlug]/page.tsx","200","true","https://dordoi.help/ru/categories/sumki-kozhgalantereya-optom","true","ru","Сумки оптом Дордой — поставщики сумок и кожгалантереи | Dordoi.help","Каталог поставщиков сумок и кожгалантереи на рынке Дордой: оптовые продавцы, магазины и точки продаж для закупки в Бишкеке.","Сумки и кожгалантерея оптом на рынке Дордой","present","true","true","true",""
"/ru/categories/aksessuary-optom","ru","category","app/[locale]/categories/[categorySlug]/page.tsx","200","true","https://dordoi.help/ru/categories/aksessuary-optom","true","ru","Аксессуары оптом Дордой — поставщики рынка Дордой | Dordoi.help","Поставщики аксессуаров на рынке Дордой: оптовые продавцы, магазины и точки продаж. Найдите подходящего поставщика через Dordoi.help.","Аксессуары оптом на рынке Дордой","present","true","true","true",""
"/ru/categories/tkani-shveynaya-furnitura-optom","ru","category","app/[locale]/categories/[categorySlug]/page.tsx","200","true","https://dordoi.help/ru/categories/tkani-shveynaya-furnitura-optom","true","ru","Ткани и швейная фурнитура оптом Дордой — поставщики | Dordoi.help","Поставщики тканей и швейной фурнитуры на рынке Дордой. Каталог оптовых продавцов для закупки материалов и сопутствующих товаров.","Ткани и швейная фурнитура оптом на рынке Дордой","present","true","true","true",""
"/ru/categories/tekstil-dlya-doma-optom","ru","category","app/[locale]/categories/[categorySlug]/page.tsx","200","true","https://dordoi.help/ru/categories/tekstil-dlya-doma-optom","true","ru","Текстиль для дома оптом Дордой — поставщики | Dordoi.help","Поставщики домашнего текстиля на рынке Дордой: постельное бельё, полотенца, текстильные товары и другие позиции оптом.","Текстиль для дома оптом на рынке Дордой","present","true","true","true",""
"/ru/categories/kosmetika-parfyumeriya-uhod-optom","ru","category","app/[locale]/categories/[categorySlug]/page.tsx","200","true","https://dordoi.help/ru/categories/kosmetika-parfyumeriya-uhod-optom","true","ru","Косметика и парфюмерия оптом Дордой — поставщики | Dordoi.help","Поставщики косметики, парфюмерии и товаров для ухода на рынке Дордой. Каталог оптовых продавцов для закупки в Бишкеке.","Косметика, парфюмерия и уход оптом на рынке Дордой","present","true","true","true",""
"/ru/categories/igrushki-tovary-dlya-detey-optom","ru","category","app/[locale]/categories/[categorySlug]/page.tsx","200","true","https://dordoi.help/ru/categories/igrushki-tovary-dlya-detey-optom","true","ru","Игрушки и товары для детей оптом Дордой — поставщики | Dordoi.help","Каталог поставщиков игрушек и детских товаров на рынке Дордой. Найдите оптовых продавцов и точки продаж через Dordoi.help.","Игрушки и товары для детей оптом на рынке Дордой","present","true","true","true",""
"/ru/categories/elektronika-mobilnye-aksessuary-optom","ru","category","app/[locale]/categories/[categorySlug]/page.tsx","200","true","https://dordoi.help/ru/categories/elektronika-mobilnye-aksessuary-optom","true","ru","Электроника и мобильные аксессуары оптом Дордой | Dordoi.help","Поставщики электроники и мобильных аксессуаров на рынке Дордой: оптовые продавцы, магазины и точки продаж для закупки товаров.","Электроника и мобильные аксессуары оптом на рынке Дордой","present","true","true","true",""
"/ru/categories/upakovka-torgovoe-oborudovanie","ru","category","app/[locale]/categories/[categorySlug]/page.tsx","200","true","https://dordoi.help/ru/categories/upakovka-torgovoe-oborudovanie","true","ru","Упаковка и торговое оборудование Дордой — поставщики | Dordoi.help","Поставщики упаковки и торгового оборудования для продавцов и оптовых покупателей на рынке Дордой в Бишкеке.","Упаковка и торговое оборудование для продавцов Дордой","present","true","true","true",""
"/ru/categories/tovary-dlya-doma-hoztovary-optom","ru","category","app/[locale]/categories/[categorySlug]/page.tsx","200","true","https://dordoi.help/ru/categories/tovary-dlya-doma-hoztovary-optom","true","ru","Товары для дома и хозтовары оптом Дордой — поставщики | Dordoi.help","Поставщики товаров для дома и хозтоваров на рынке Дордой. Каталог оптовых продавцов для закупки бытовых товаров в Бишкеке.","Товары для дома и хозтовары оптом на рынке Дордой","present","true","true","true",""
"/ru/categories/avtotovary-aksessuary-optom","ru","category","app/[locale]/categories/[categorySlug]/page.tsx","200","true","https://dordoi.help/ru/categories/avtotovary-aksessuary-optom","true","ru","Автотовары и аксессуары оптом Дордой — поставщики | Dordoi.help","Поставщики автотоваров и аксессуаров на рынке Дордой: запчасти, автохимия, автозвук. Каталог оптовых продавцов в Бишкеке.","Автотовары и аксессуары оптом на рынке Дордой","present","true","true","true",""
"/ru/categories/sport-turizm-otdyh-optom","ru","category","app/[locale]/categories/[categorySlug]/page.tsx","200","true","https://dordoi.help/ru/categories/sport-turizm-otdyh-optom","true","ru","Спорт, туризм и отдых оптом Дордой — поставщики | Dordoi.help","Поставщики товаров для спорта, туризма и отдыха на рынке Дордой. Найдите оптовых продавцов через каталог Dordoi.help.","Товары для спорта, туризма и отдыха оптом на рынке Дордой","present","true","true","true",""
"/ru/blog","ru","blog_hub","app/[locale]/blog/page.tsx","200","true","https://dordoi.help/ru/blog","true","ru","Блог Dordoi.help — поставщики, опт, байеры и карго Дордой | Dordoi.help","Практические гиды Dordoi.help по рынку Дордой: как найти поставщика, купить оптом и организовать карго.","Блог Dordoi.help","present","true","true","true",""
"/ru/blog/kak-nayti-postavshchika-dordoi","ru","blog_guide","app/[locale]/blog/[slug]/page.tsx","200","true","https://dordoi.help/ru/blog/kak-nayti-postavshchika-dordoi","true","ru","Как найти поставщика на Дордое — практический гид | Dordoi.help","Пошаговый гид для оптового покупателя: где искать поставщиков на Дордое, как сравнить карточки, когда нужен байер и какие вопросы задать до закупки.","Как найти поставщика на Дордое","present","true","true","true",""
"/ru/blog/kargo-dordoi-kak-rabotaet-dostavka","ru","blog_guide","app/[locale]/blog/[slug]/page.tsx","200","true","https://dordoi.help/ru/blog/kargo-dordoi-kak-rabotaet-dostavka","true","ru","Карго Дордой: как работает доставка товаров | Dordoi.help","Объясняем, как обычно строится доставка с рынка Дордой: поставщик, байер, упаковка, передача в карго, страна назначения и вопросы до отправки.","Карго Дордой: как работает доставка товаров","present","true","true","true",""
"/ru/blog/kak-kupit-optom-na-dordoe","ru","blog_guide","app/[locale]/blog/[slug]/page.tsx","200","true","https://dordoi.help/ru/blog/kak-kupit-optom-na-dordoe","true","ru","Как купить оптом на Дордое — инструкция для покупателя | Dordoi.help","Инструкция по оптовой закупке на рынке Дордой: выбор категории, поставщика, партии, байера, проверки и доставки.","Как купить оптом на Дордое","present","true","true","true",""
"/ru/blog/kak-proverit-postavshchika-dordoi","ru","blog_guide","app/[locale]/blog/[slug]/page.tsx","200","true","https://dordoi.help/ru/blog/kak-proverit-postavshchika-dordoi","true","ru","Как проверить поставщика на Дордое перед закупкой | Dordoi.help | Dordoi.help","Практический чек-лист проверки поставщика на рынке Дордой: карточка, ассортимент, фото, партия, байер, оплата и передача в доставку.","Как проверить поставщика на Дордое перед закупкой","present","true","true","true",""
"/ru/blog/chek-list-zakupki-na-dordoe","ru","blog_guide","app/[locale]/blog/[slug]/page.tsx","200","true","https://dordoi.help/ru/blog/chek-list-zakupki-na-dordoe","true","ru","Чек-лист закупки на Дордое для оптового покупателя | Dordoi.help | Dordoi.help","Подготовка к закупке на рынке Дордой: товар, бюджет, поставщики, вопросы, байер, карго и контроль первой партии.","Чек-лист закупки на Дордое","present","true","true","true",""
"/ru/blog/kak-sravnit-postavshchikov-dordoi","ru","blog_guide","app/[locale]/blog/[slug]/page.tsx","200","true","https://dordoi.help/ru/blog/kak-sravnit-postavshchikov-dordoi","true","ru","Как сравнить поставщиков Дордой: критерии для покупателя | Dordoi.help | Dordoi.help","Критерии сравнения поставщиков Дордой: ассортимент, фото, MOQ, условия оплаты, проверка, байер и доставка.","Как сравнить поставщиков Дордой","present","true","true","true",""
"/ru/blog/kak-napisat-postavshchiku-dordoi","ru","blog_guide","app/[locale]/blog/[slug]/page.tsx","200","true","https://dordoi.help/ru/blog/kak-napisat-postavshchiku-dordoi","true","ru","Как написать поставщику Дордой: вопросы и шаблон сообщения | Dordoi.help | Dordoi.help","Что написать поставщику Дордой после открытия контактов: короткий бриф, вопросы по товару, партии, фото, оплате и доставке.","Как написать поставщику Дордой","present","true","true","true",""
"/ru/blog/kak-zakupat-na-dordoe-udalenno","ru","blog_guide","app/[locale]/blog/[slug]/page.tsx","200","true","https://dordoi.help/ru/blog/kak-zakupat-na-dordoe-udalenno","true","ru","Как закупать на Дордое удаленно: поставщик, байер и карго | Dordoi.help | Dordoi.help","Удаленная закупка на рынке Дордой: как выбрать поставщика, подключить байера, проверить товар и организовать доставку.","Как закупать на Дордое удаленно","present","true","true","true",""
"/ru/blog/dostavka-s-dordoya-v-kazakhstan","ru","blog_guide","app/[locale]/blog/[slug]/page.tsx","200","true","https://dordoi.help/ru/blog/dostavka-s-dordoya-v-kazakhstan","true","ru","Доставка с Дордоя в Казахстан: как подготовить закупку | Dordoi.help | Dordoi.help","Как покупателю из Казахстана подготовить закупку на Дордое: поставщик, байер, упаковка, карго и вопросы до отправки.","Доставка с Дордоя в Казахстан","present","true","true","true",""
"/ru/blog/dostavka-s-dordoya-v-uzbekistan","ru","blog_guide","app/[locale]/blog/[slug]/page.tsx","200","true","https://dordoi.help/ru/blog/dostavka-s-dordoya-v-uzbekistan","true","ru","Доставка с Дордоя в Узбекистан: закупка и карго | Dordoi.help | Dordoi.help","Что учесть при закупке с рынка Дордой для Узбекистана: поставщики, байер, упаковка, проверка и доставка.","Доставка с Дордоя в Узбекистан","present","true","true","true",""
"/ru/blog/dostavka-s-dordoya-v-tajikistan","ru","blog_guide","app/[locale]/blog/[slug]/page.tsx","200","true","https://dordoi.help/ru/blog/dostavka-s-dordoya-v-tajikistan","true","ru","Доставка с Дордоя в Таджикистан: что учесть покупателю | Dordoi.help | Dordoi.help","Практический гид по закупке на Дордое для Таджикистана: выбор поставщика, проверка товара, байер и передача в карго.","Доставка с Дордоя в Таджикистан","present","true","true","true",""
"/ru/blog/dostavka-s-dordoya-v-russia","ru","blog_guide","app/[locale]/blog/[slug]/page.tsx","200","true","https://dordoi.help/ru/blog/dostavka-s-dordoya-v-russia","true","ru","Доставка с Дордоя в Россию: закупка, проверка и логистика | Dordoi.help | Dordoi.help","Как подготовить оптовую закупку с Дордоя для России: категория, поставщик, байер, упаковка, карго и контроль партии.","Доставка с Дордоя в Россию","present","true","true","true",""
"/ru/blog/kargo-dordoi-skolko-vremeni-zanimaet","ru","blog_guide","app/[locale]/blog/[slug]/page.tsx","200","true","https://dordoi.help/ru/blog/kargo-dordoi-skolko-vremeni-zanimaet","true","ru","Карго Дордой: сколько времени занимает доставка | Dordoi.help | Dordoi.help","От чего зависят сроки карго с Дордоя: направление, вес, объем, сборная партия, сезон, проверка и передача груза.","Карго Дордой: сколько времени занимает доставка","present","true","true","true",""
"/ru/blog/bayer-dordoi-kto-eto-i-zachem-nuzhen","ru","blog_guide","app/[locale]/blog/[slug]/page.tsx","200","true","https://dordoi.help/ru/blog/bayer-dordoi-kto-eto-i-zachem-nuzhen","true","ru","Байер Дордой: кто это и зачем нужен покупателю | Dordoi.help | Dordoi.help","Кто такой байер на рынке Дордой, какие задачи он может закрывать и когда покупателю стоит использовать помощь на месте.","Байер Дордой: кто это и зачем нужен","present","true","true","true",""
"/ru/blog/kak-vybrat-bayera-dordoi","ru","blog_guide","app/[locale]/blog/[slug]/page.tsx","200","true","https://dordoi.help/ru/blog/kak-vybrat-bayera-dordoi","true","ru","Как выбрать байера на Дордое: критерии и вопросы | Dordoi.help | Dordoi.help","Как покупателю выбрать байера Дордой: опыт, отчетность, проверка товара, оплата, передача в карго и коммуникация.","Как выбрать байера на Дордое","present","true","true","true",""
"/ru/blog/bayer-dordoi-dlya-kazakhstana","ru","blog_guide","app/[locale]/blog/[slug]/page.tsx","200","true","https://dordoi.help/ru/blog/bayer-dordoi-dlya-kazakhstana","true","ru","Байер Дордой для Казахстана: как организовать закупку | Dordoi.help | Dordoi.help","Как покупателю из Казахстана использовать байера на Дордое: поиск товара, проверка, фотоотчет, передача в карго.","Байер Дордой для Казахстана","present","true","true","true",""
"/ru/blog/bayer-ili-samostoyatelnaya-zakupka-dordoi","ru","blog_guide","app/[locale]/blog/[slug]/page.tsx","200","true","https://dordoi.help/ru/blog/bayer-ili-samostoyatelnaya-zakupka-dordoi","true","ru","Байер или самостоятельная закупка на Дордое: что выбрать | Dordoi.help | Dordoi.help","Сравнение самостоятельной закупки и работы через байера на рынке Дордой: плюсы, риски, когда какой вариант подходит.","Байер или самостоятельная закупка на Дордое","present","true","true","true",""
"/ru/blog/zhenskaya-odezhda-optom-dordoi","ru","blog_guide","app/[locale]/blog/[slug]/page.tsx","200","true","https://dordoi.help/ru/blog/zhenskaya-odezhda-optom-dordoi","true","ru","Женская одежда оптом на Дордое: как искать поставщика | Dordoi.help | Dordoi.help","Как искать женскую одежду оптом на рынке Дордой: категории, ассортимент, размерный ряд, сезонность, поставщики и карго.","Женская одежда оптом на Дордое","present","true","true","true",""
"/ru/blog/muzhskaya-odezhda-optom-dordoi","ru","blog_guide","app/[locale]/blog/[slug]/page.tsx","200","true","https://dordoi.help/ru/blog/muzhskaya-odezhda-optom-dordoi","true","ru","Мужская одежда оптом на Дордое: поставщики и закупка | Dordoi.help | Dordoi.help","Гид по закупке мужской одежды оптом на Дордое: ассортимент, размеры, сезон, поставщики, проверка и доставка.","Мужская одежда оптом на Дордое","present","true","true","true",""
"/ru/blog/detskaya-odezhda-optom-dordoi","ru","blog_guide","app/[locale]/blog/[slug]/page.tsx","200","true","https://dordoi.help/ru/blog/detskaya-odezhda-optom-dordoi","true","ru","Детская одежда оптом на Дордое: как закупать безопаснее | Dordoi.help | Dordoi.help","Как закупать детскую одежду оптом на рынке Дордой: размеры, сезонность, качество, поставщики, проверка и карго.","Детская одежда оптом на Дордое","present","true","true","true",""
"/ru/blog/obuv-optom-dordoi","ru","blog_guide","app/[locale]/blog/[slug]/page.tsx","200","true","https://dordoi.help/ru/blog/obuv-optom-dordoi","true","ru","Обувь оптом на Дордое: размеры, сезон и проверка | Dordoi.help | Dordoi.help","Гид по закупке обуви оптом на Дордое: размерный ряд, сезонность, качество, коробки, поставщики и доставка.","Обувь оптом на Дордое","present","true","true","true",""
"/ru/blog/sumki-optom-dordoi","ru","blog_guide","app/[locale]/blog/[slug]/page.tsx","200","true","https://dordoi.help/ru/blog/sumki-optom-dordoi","true","ru","Сумки оптом на Дордое: как выбрать поставщика | Dordoi.help | Dordoi.help","Как закупать сумки и кожгалантерею оптом на Дордое: модели, материалы, фурнитура, фото, поставщики и доставка.","Сумки оптом на Дордое","present","true","true","true",""
"/ru/blog/tkani-i-furnitura-dordoi","ru","blog_guide","app/[locale]/blog/[slug]/page.tsx","200","true","https://dordoi.help/ru/blog/tkani-i-furnitura-dordoi","true","ru","Ткани и фурнитура на Дордое: закупка для швейного бизнеса | Dordoi.help | Dordoi.help","Как искать ткани и швейную фурнитуру на Дордое: состав, метраж, цвета, образцы, поставщики и доставка.","Ткани и фурнитура на Дордое","present","true","true","true",""
"/ru/blog/dordoi-optom-polnyy-gid","ru","blog_guide","app/[locale]/blog/[slug]/page.tsx","200","true","https://dordoi.help/ru/blog/dordoi-optom-polnyy-gid","true","ru","Дордой оптом: полный гид по закупке для покупателей СНГ | Dordoi.help | Dordoi.help","Как покупать оптом на рынке Дордой: категории, поставщики, контакты, байер, карго, цены и безопасная проверка перед первой партией.","Дордой оптом: полный гид для покупателей","present","true","true","true",""
"/ru/blog/dordoi-online-katalog-kak-polzovatsya","ru","blog_guide","app/[locale]/blog/[slug]/page.tsx","200","true","https://dordoi.help/ru/blog/dordoi-online-katalog-kak-polzovatsya","true","ru","Дордой онлайн каталог: как пользоваться Dordoi.help | Dordoi.help | Dordoi.help","Как пользоваться онлайн-каталогом Дордой: выбрать категорию, сравнить поставщиков, понять открытые данные и безопасно открыть контакты.","Дордой онлайн каталог: как пользоваться","present","true","true","true",""
"/ru/blog/dordoi-prais-listy-i-tseny-kak-utochnyat","ru","blog_guide","app/[locale]/blog/[slug]/page.tsx","200","true","https://dordoi.help/ru/blog/dordoi-prais-listy-i-tseny-kak-utochnyat","true","ru","Дордой прайс-листы и цены: как уточнять безопасно | Dordoi.help | Dordoi.help","Почему цены на Дордое меняются и как безопасно уточнять прайс-листы, наличие, партию, качество и доставку без фейковых цен.","Дордой прайс-листы и цены: как уточнять безопасно","present","true","true","true",""
"/ru/blog/kontakty-postavshchikov-dordoi-kak-otkryt-bezopasno","ru","blog_guide","app/[locale]/blog/[slug]/page.tsx","200","true","https://dordoi.help/ru/blog/kontakty-postavshchikov-dordoi-kak-otkryt-bezopasno","true","ru","Контакты поставщиков Дордой: как открыть безопасно | Dordoi.help | Dordoi.help","Как безопасно открывать контакты поставщиков Дордой без публикации телефонов, Telegram, Instagram и точных локаций в открытом доступе.","Контакты поставщиков Дордой: как открыть безопасно","present","true","true","true",""
"/ru/blog/trikotazh-optom-dordoi","ru","blog_guide","app/[locale]/blog/[slug]/page.tsx","200","true","https://dordoi.help/ru/blog/trikotazh-optom-dordoi","true","ru","Трикотаж оптом на Дордое: как выбрать поставщика | Dordoi.help | Dordoi.help","Как закупать трикотаж оптом на рынке Дордой: размеры, ткань, сезонность, качество, поставщики, первая партия и доставка.","Трикотаж оптом на Дордое","present","true","true","true",""
"/ru/blog/nizhnee-bele-i-korsety-optom-dordoi","ru","blog_guide","app/[locale]/blog/[slug]/page.tsx","200","true","https://dordoi.help/ru/blog/nizhnee-bele-i-korsety-optom-dordoi","true","ru","Нижнее бельё и корсеты оптом на Дордое | Dordoi.help | Dordoi.help","Как искать нижнее бельё, корсеты и купальники оптом на Дордое: размеры, материалы, фото, партия, поставщики и безопасный контакт.","Нижнее бельё и корсеты оптом на Дордое","present","true","true","true",""
"/ru/blog/postelnoe-bele-optom-kyrgyzstan","ru","blog_guide","app/[locale]/blog/[slug]/page.tsx","200","true","https://dordoi.help/ru/blog/postelnoe-bele-optom-kyrgyzstan","true","ru","Постельное бельё оптом в Кыргызстане и на Дордое | Dordoi.help | Dordoi.help","Как искать постельное бельё и домашний текстиль оптом: ткани, размеры, комплекты, упаковка, поставщики, байер и доставка.","Постельное бельё оптом в Кыргызстане и на Дордое","present","true","true","true",""
"/ru/blog/postavshchiki-dlya-wildberries-bishkek","ru","blog_guide","app/[locale]/blog/[slug]/page.tsx","200","true","https://dordoi.help/ru/blog/postavshchiki-dlya-wildberries-bishkek","true","ru","Поставщики для Wildberries в Бишкеке: безопасный поиск | Dordoi.help | Dordoi.help","Как искать поставщиков для Wildberries и маркетплейсов в Бишкеке: категории, документы, упаковка, партии, фото и проверка условий.","Поставщики для Wildberries в Бишкеке: безопасный поиск","present","true","true","true",""
"/ru/blog/tovary-optom-dlya-marketpleysov-kyrgyzstan","ru","blog_guide","app/[locale]/blog/[slug]/page.tsx","200","true","https://dordoi.help/ru/blog/tovary-optom-dlya-marketpleysov-kyrgyzstan","true","ru","Товары оптом для маркетплейсов из Кыргызстана | Dordoi.help | Dordoi.help","Какие товары из Кыргызстана и Дордоя могут быть интересны маркетплейсам: одежда, обувь, сумки, текстиль, проверка и доставка.","Товары оптом для маркетплейсов из Кыргызстана","present","true","true","true",""
"/ru/blog/shveynye-tsekha-bishkek-i-proizvodstvo-odezhdy","ru","blog_guide","app/[locale]/blog/[slug]/page.tsx","200","true","https://dordoi.help/ru/blog/shveynye-tsekha-bishkek-i-proizvodstvo-odezhdy","true","ru","Швейные цеха Бишкек и производство одежды: как искать | Dordoi.help | Dordoi.help","Как искать швейные цеха и производство одежды в Бишкеке: техзадание, образец, партия, ткань, сроки, проверка и безопасный контакт.","Швейные цеха Бишкек и производство одежды","present","true","true","true",""
"/ru/blog/poshiv-odezhdy-pod-klyuch-bishkek","ru","blog_guide","app/[locale]/blog/[slug]/page.tsx","200","true","https://dordoi.help/ru/blog/poshiv-odezhdy-pod-klyuch-bishkek","true","ru","Пошив одежды под ключ в Бишкеке: что подготовить | Dordoi.help | Dordoi.help","Что подготовить для пошива одежды под ключ в Бишкеке: модель, лекала, ткань, размерная сетка, образец, партия и контроль качества.","Пошив одежды под ключ в Бишкеке","present","true","true","true",""
"/ru/blog/rynok-bishkek-optovye-rynki-gde-iskat-postavshchikov","ru","blog_guide","app/[locale]/blog/[slug]/page.tsx","200","true","https://dordoi.help/ru/blog/rynok-bishkek-optovye-rynki-gde-iskat-postavshchikov","true","ru","Рынок Бишкек: оптовые рынки и где искать поставщиков | Dordoi.help | Dordoi.help","Практический гид по запросам рынок Бишкек, оптовые рынки Бишкека и поставщики: когда выбирать Дордой, как сравнивать категории и как использовать Dordoi.help.","Рынок Бишкек: где искать оптовых поставщиков","present","true","true","true",""
"/ru/blog/postavshchiki-bishkek-kak-nayti-optovogo-partnera","ru","blog_guide","app/[locale]/blog/[slug]/page.tsx","200","true","https://dordoi.help/ru/blog/postavshchiki-bishkek-kak-nayti-optovogo-partnera","true","ru","Поставщики Бишкек: как найти оптового партнера без случайных списков | Dordoi.help","Гид для покупателей, которые ищут поставщиков в Бишкеке: как выбрать категорию, сравнить поставщиков, использовать байера и не полагаться на случайные контакты.","Поставщики Бишкек: как найти оптового партнера","present","true","true","true",""
"/ru/blog/rynok-dordoi-bishkek-postavshchiki-katalog-i-kategorii","ru","blog_guide","app/[locale]/blog/[slug]/page.tsx","200","true","https://dordoi.help/ru/blog/rynok-dordoi-bishkek-postavshchiki-katalog-i-kategorii","true","ru","Рынок Дордой Бишкек: поставщики, каталог и категории товаров | Dordoi.help","Как искать поставщиков на рынке Дордой в Бишкеке через категории, каталог и гайды Dordoi.help без раскрытия приватных контактов продавцов.","Рынок Дордой Бишкек: поставщики, каталог и категории","present","true","true","true",""
"/ru/blog/optovye-rynki-bishkeka-dordoi-madina-alamedin-kak-vybrat","ru","blog_guide","app/[locale]/blog/[slug]/page.tsx","200","true","https://dordoi.help/ru/blog/optovye-rynki-bishkeka-dordoi-madina-alamedin-kak-vybrat","true","ru","Оптовые рынки Бишкека: Дордой, Мадина, Аламедин и как выбрать | Dordoi.help","Сравнение сценариев для запроса оптовые рынки Бишкека: когда смотреть Дордой, когда уточнять другие рынки и как не потеряться в поставщиках.","Оптовые рынки Бишкека: как выбрать направление закупки","present","true","true","true",""
"/ru/blog/odezhda-optom-bishkek-postavshchiki-dordoi","ru","blog_guide","app/[locale]/blog/[slug]/page.tsx","200","true","https://dordoi.help/ru/blog/odezhda-optom-bishkek-postavshchiki-dordoi","true","ru","Одежда оптом Бишкек: поставщики Дордой и как начать закупку | Dordoi.help","Как искать одежду оптом в Бишкеке через категории Дордоя: женская, мужская, детская одежда, обувь, байер, карго и безопасный доступ к контактам.","Одежда оптом Бишкек: поставщики Дордой","present","true","true","true",""
"/ru/blog/tovary-optom-bishkek-dlya-magazina-i-marketpleysa","ru","blog_guide","app/[locale]/blog/[slug]/page.tsx","200","true","https://dordoi.help/ru/blog/tovary-optom-bishkek-dlya-magazina-i-marketpleysa","true","ru","Товары оптом Бишкек для магазина и маркетплейса: как искать поставщиков | Dordoi.help","Как выбирать товары оптом в Бишкеке для магазина, шоурума или маркетплейса: категории Дордоя, проверка поставщика, байер и карго.","Товары оптом Бишкек для магазина и маркетплейса","present","true","true","true",""
"/ru/blog/katalog-postavshchikov-bishkek-kak-polzovatsya","ru","blog_guide","app/[locale]/blog/[slug]/page.tsx","200","true","https://dordoi.help/ru/blog/katalog-postavshchikov-bishkek-kak-polzovatsya","true","ru","Каталог поставщиков Бишкек: как пользоваться и что проверять | Dordoi.help","Как пользоваться каталогом поставщиков Бишкека и Дордоя: категории, публичные карточки, безопасный доступ к контактам, вопросы перед закупкой.","Каталог поставщиков Бишкек: как пользоваться","present","true","true","true",""
"/ru/blog/kak-vybrat-rynok-v-bishkeke-dlya-optovoy-zakupki","ru","blog_guide","app/[locale]/blog/[slug]/page.tsx","200","true","https://dordoi.help/ru/blog/kak-vybrat-rynok-v-bishkeke-dlya-optovoy-zakupki","true","ru","Как выбрать рынок в Бишкеке для оптовой закупки: практический чек-лист | Dordoi.help","Чек-лист выбора рынка в Бишкеке для оптовой закупки: категория, поставщик, байер, карго, документы, риски и следующий шаг через Dordoi.help.","Как выбрать рынок в Бишкеке для оптовой закупки","present","true","true","true",""
"/ru/catalog/postavshik-zhenskoy-odezhdy-a9e9","ru","vendor_sample_locked","app/[locale]/catalog/[slug]/page.tsx","200","true","https://dordoi.help/ru/suppliers/asso-corsets","true","ru","Поставщик женской одежды на рынке Дордой | Dordoi.help","Поставщик женской одежды на рынке Дордой. Посмотрите описание, категории и условия работы. Контакт доступен через сервис Dordoi.help.","Поставщик женской одежды на рынке Дордой","present","false","true","true",""
"/ru/suppliers/asso-corsets","ru","vendor_sample_locked","app/[locale]/suppliers/[seoSlug]/page.tsx","200","true","https://dordoi.help/ru/suppliers/asso-corsets","true","ru","Поставщик женской одежды на рынке Дордой | Dordoi.help","Поставщик женской одежды на рынке Дордой. Посмотрите описание, категории и условия работы. Контакт доступен через сервис Dordoi.help.","Поставщик женской одежды на рынке Дордой","present","false","true","true",""
"/kk","kk","core","app/[locale]/page.tsx","200","true","https://dordoi.help/kk","true","kk","Dordoi.help — Дордой нарығына арналған көтерме платформа | Dordoi.help","Дордой тауарлары, жеткізушілер мен байерлер бір жерден. ТМД B2B құралы.","Дордой нарығының жеткізушілері, байерлері және каргосы бір каталогта","present","true","true","false",""
"/kk/catalog","kk","core","app/[locale]/catalog/page.tsx","200","true","https://dordoi.help/kk/catalog","true","kk","Дордой жеткізушілер каталогы — көтерме сатушылар, сүзгілер және іздеу | Dordoi.help","Дордой нарығы жеткізушілер каталогы: көтерме киім, аяқ киім, сөмке және тоқыма сатушылары. Бишкектен тауар сатып алу үшін жеткізуші, байер немесе карго табыңыз.","Дордой нарығының көтерме жеткізушілер каталогы","present","true","true","true",""
"/kk/sell","kk","core","app/[locale]/sell/page.tsx","200","true","https://dordoi.help/kk/sell","true","kk","Оптом сату — Dordoi.help | Dordoi.help","Дордой нарығынан көтерме сату: витрина, өтінімдер және сатып алушылар контакттары қатарларды араламай.","Оптом сату","present","true","true","false",""
"/kk/suppliers","kk","core","app/[locale]/suppliers/page.tsx","200","true","https://dordoi.help/kk/suppliers","true","kk","Дордой жеткізушілері — нарықтың көтерме сатушылары | Dordoi.help","Дордой нарығының жеткізушілерін табыңыз: көтерме киім, аяқ киім, сөмке және тоқыма сатушылары. Каталог сатып алушыларға жеткізуші, байер немесе карго табуға көмектеседі.","Дордой нарығының жеткізушілері — көтерме сатушылар және контакттар","present","true","true","false",""
"/kk/buyers","kk","core","app/[locale]/buyers/page.tsx","200","true","https://dordoi.help/kk/buyers","true","kk","Дордойда байер табу — Dordoi.help | Dordoi.help","Дордой нарығының байерлері: сатып алу, сапаны тексеру және партия жинау — артық сапарсыз.","Байер табу","present","true","true","true",""
"/kk/buyer-service","kk","core","app/[locale]/buyer-service/page.tsx","200","true","https://dordoi.help/kk/buyer-service","true","kk","Байерлерге — Dordoi.help | Dordoi.help","Тауар таңдау, сапаны тексеру және тапсырыстарды жинау құралдары.","Байерлерге","present","true","true","true",""
"/kk/about","kk","core","app/[locale]/about/page.tsx","200","true","https://dordoi.help/kk/about","true","kk","Dordoi.help - Дордой жеткізушілері, Байер және Дордой карго | Dordoi.help","Dordoi.help дордой нарығы бойынша жеткізушілерді, санаттарды, байерлерді және карго бағыттарын табуға көмектеседі.","Dordoi.help - Дордой нарығы бойынша каталог және нұсқаулық","present","true","true","false",""
"/kk/how-it-works","kk","core","app/[locale]/how-it-works/page.tsx","200","true","https://dordoi.help/kk/how-it-works","true","kk","Dordoi.help қалай жұмыс істейді - Жеткізушілер каталогы, Байер, Дордой карго | Dordoi.help","Жеткізушілер каталогы арқылы санатты таңдау, жеткізушіні салыстыру, қолжетімділік ашу, байер немесе каргоны пайдалану қадамдары.","Dordoi.help қалай жұмыс істейді","present","true","true","false",""
"/kk/for-buyers","kk","core","app/[locale]/for-buyers/page.tsx","200","true","https://dordoi.help/kk/for-buyers","true","kk","Дордой нарығы: сатып алушыларға арналған жеткізушілер, байер және карго | Dordoi.help","Сатып алушыларға: Dordoi.help арқылы жеткізушілерді табу, контактіге қолжетімділік, байер және карго сценарийлері.","Дордой нарығы сатып алушыларына арналған Dordoi.help","present","true","true","false",""
"/kk/for-sellers","kk","core","app/[locale]/for-sellers/page.tsx","200","true","https://dordoi.help/kk/for-sellers","true","kk","Сатушыларға: Dordoi.help каталогына жеткізуші карточкасы | Dordoi.help","Сатушыларға: карточка, санат, ашық сипаттама және contact privacy ережелері.","Сатушыларға: Dordoi.help каталогында көріну","present","true","true","false",""
"/kk/help","kk","core","app/[locale]/help/page.tsx","200","true","https://dordoi.help/kk/help","true","kk","Көмек — Dordoi.help | Dordoi.help","Dordoi.help платформасын қалай пайдалану керек.","Көмек","present","true","true","false",""
"/kk/faq","kk","core","app/[locale]/faq/page.tsx","200","true","https://dordoi.help/kk/faq","true","kk","Dordoi.help FAQ - Дордой жеткізушілері, Байер, Дордой карго | Dordoi.help","Dordoi.help туралы жиі сұрақтар: жеткізушілер, контактке қолжетімділік, байер, карго және елдер бойынша сатып алу.","Dordoi.help FAQ","present","true","true","false",""
"/kk/dordoi-kazakhstan","kk","core","app/[locale]/dordoi-kazakhstan/page.tsx","200","true","https://dordoi.help/kk/dordoi-kazakhstan","true","kk","Дордой Қазақстан үшін: Дордой жеткізушілері, Байер және Дордой карго | Dordoi.help","Қазақстан сатып алушылары үшін Дордой нарығынан жеткізушілерді, санаттарды, байерді және жеткізу сценарийін табу.","Дордой Қазақстан сатып алушылары үшін","present","true","true","false",""
"/kk/dordoi-uzbekistan","kk","core","app/[locale]/dordoi-uzbekistan/page.tsx","200","true","https://dordoi.help/kk/dordoi-uzbekistan","true","kk","Дордой Өзбекстан үшін: Дордой жеткізушілері, Байер және Дордой карго | Dordoi.help","Өзбекстан сатып алушылары үшін Дордой нарығынан жеткізушілерді, санаттарды, байерді және жеткізу сценарийін табу.","Дордой Өзбекстан сатып алушылары үшін","present","true","true","false",""
"/kk/dordoi-tajikistan","kk","core","app/[locale]/dordoi-tajikistan/page.tsx","200","true","https://dordoi.help/kk/dordoi-tajikistan","true","kk","Дордой Тәжікстан үшін: Дордой жеткізушілері, Байер және Дордой карго | Dordoi.help","Тәжікстан сатып алушылары үшін Дордой нарығынан жеткізушілерді, санаттарды, байерді және жеткізу сценарийін табу.","Дордой Тәжікстан сатып алушылары үшін","present","true","true","false",""
"/kk/dordoi-russia","kk","core","app/[locale]/dordoi-russia/page.tsx","200","true","https://dordoi.help/kk/dordoi-russia","true","kk","Дордой Ресей үшін: Дордой жеткізушілері, Байер және Дордой карго | Dordoi.help","Ресей сатып алушылары үшін Дордой нарығынан жеткізушілерді, санаттарды, байерді және жеткізу сценарийін табу.","Дордой Ресей сатып алушылары үшін","present","true","true","false",""
"/kk/dordoi-kyrgyzstan","kk","core","app/[locale]/dordoi-kyrgyzstan/page.tsx","200","true","https://dordoi.help/kk/dordoi-kyrgyzstan","true","kk","Дордой Қырғызстан үшін: Дордой жеткізушілері, Байер және Дордой карго | Dordoi.help","Қырғызстан сатып алушылары үшін Дордой нарығынан жеткізушілерді, санаттарды, байерді және жеткізу сценарийін табу.","Дордой Қырғызстан сатып алушылары үшін","present","true","true","false",""
"/kk/contact","kk","core","app/[locale]/contact/page.tsx","200","true","https://dordoi.help/kk/contact","true","kk","Байланыс — Dordoi.help | Dordoi.help","Dordoi.help командасына хабарласыңыз.","Байланыс","present","true","true","true",""
"/kk/privacy","kk","core","app/[locale]/privacy/page.tsx","200","true","https://dordoi.help/kk/privacy","true","kk","Құпиялылық саясаты — Dordoi.help | Dordoi.help","Dordoi.help пайдаланушы деректерін қалай өңдейді.","Құпиялылық","present","true","true","false",""
"/kk/terms","kk","core","app/[locale]/terms/page.tsx","200","true","https://dordoi.help/kk/terms","true","kk","Пайдалану шарттары — Dordoi.help | Dordoi.help","Dordoi.help сервисінің ережелері.","Пайдалану шарттары","present","true","true","true",""
"/kk/refund","kk","core","app/[locale]/refund/page.tsx","200","true","https://dordoi.help/kk/refund","true","kk","Қайтару саясаты — Dordoi.help | Dordoi.help","Dordoi.help қайтарулар мен даулар туралы ақпарат.","Қайтарулар","present","true","true","true",""
"/kk/kargo-dordoi","kk","core","app/[locale]/kargo-dordoi/page.tsx","200","true","https://dordoi.help/kk/kargo-dordoi","true","kk","Дордой карго — нарықтан тауар жеткізу | Dordoi.help","Дордой карго және Бішкектен жеткізу. Dordoi.help арқылы байер мен логистиканы қалай табуға болады.","Дордой карго: Бішкектен тауар жеткізу","present","true","true","true",""
"/kk/dordoi-optom","kk","core","app/[locale]/dordoi-optom/page.tsx","200","true","https://dordoi.help/kk/dordoi-optom","true","kk","Дордой оптом — тауарлар, жеткізушілер және сатып алу | Dordoi.help","Дордой оптом: тауар санаттары, жеткізушілер және Dordoi.help арқылы сатып алу.","Дордой оптом: тауарлар, жеткізушілер және каталог арқылы сатып алу","present","true","true","false",""
"/kk/rynok-bishkek","kk","core","app/[locale]/rynok-bishkek/page.tsx","200","true","https://dordoi.help/kk/rynok-bishkek","true","kk","Бішкек нарығы - көтерме нарықтар, жеткізушілер және Дордой | Dordoi.help","Көтерме сатып алушыларға арналған Бішкек нарықтары бойынша нұсқаулық: жеткізушілерді қайдан іздеу, Дордойды қашан таңдау және Dordoi.help каталогын қалай қолдану.","Бішкек нарығы: жеткізушілер мен көтерме тауарларды қайдан іздеу","present","true","true","false",""
"/kk/rynok-dordoi","kk","core","app/[locale]/rynok-dordoi/page.tsx","200","true","https://dordoi.help/kk/rynok-dordoi","true","kk","Дордой нарығы Бішкек — жеткізушілер, опт және сатушылар каталогы | Dordoi.help","Бішкектегі Дордой нарығы туралы: жеткізушілер, опт санаттары, байерлер және Dordoi.help каталогы.","Бішкектегі Дордой нарығы: жеткізушілер, опт және сатушылар каталогы","present","true","true","false",""
"/kk/categories/ayelder-kiimi-koterme","kk","category","app/[locale]/categories/[categorySlug]/page.tsx","200","true","https://dordoi.help/kk/categories/ayelder-kiimi-koterme","true","kk","Әйелдер киімі көтерме Дордой — жеткізушілер мен сатушылар | Dordoi.help","Дордой нарығындағы әйелдер киімі жеткізушілері: көтерме сатушылар мен сату нүктелері. Dordoi.help каталогы арқылы жеткізуші табыңыз.","Дордой нарығында әйелдер киімі көтерме","present","true","true","false",""
"/kk/categories/erler-kiimi-koterme","kk","category","app/[locale]/categories/[categorySlug]/page.tsx","200","true","https://dordoi.help/kk/categories/erler-kiimi-koterme","true","kk","Ерлер киімі көтерме Дордой — нарық жеткізушілері | Dordoi.help","Дордой нарығындағы ерлер киімі жеткізушілері: көтерме сатушылар мен дүкендер.","Дордой нарығында ерлер киімі көтерме","present","true","true","false",""
"/kk/categories/balalar-kiimi-koterme","kk","category","app/[locale]/categories/[categorySlug]/page.tsx","200","true","https://dordoi.help/kk/categories/balalar-kiimi-koterme","true","kk","Балалар киімі көтерме Дордой — жеткізушілер мен сатушылар | Dordoi.help","Дордой нарығындағы балалар киімі жеткізушілері.","Дордой нарығында балалар киімі көтерме","present","true","true","false",""
"/kk/categories/astyk-kiim-kupalnik-koterme","kk","category","app/[locale]/categories/[categorySlug]/page.tsx","200","true","https://dordoi.help/kk/categories/astyk-kiim-kupalnik-koterme","true","kk","Астынғы киім мен купальник көтерме Дордой — жеткізушілер | Dordoi.help","Дордой нарығындағы астынғы киім мен купальник жеткізушілері.","Дордой нарығында астынғы киім мен купальник көтерме","present","true","true","false",""
"/kk/categories/ayak-kiim-koterme","kk","category","app/[locale]/categories/[categorySlug]/page.tsx","200","true","https://dordoi.help/kk/categories/ayak-kiim-koterme","true","kk","Аяқ киім көтерме Дордой — аяқ киім жеткізушілері | Dordoi.help","Дордой нарығындағы аяқ киім жеткізушілері.","Дордой нарығында аяқ киім көтерме","present","true","true","false",""
"/kk/categories/sumka-teriden-koterme","kk","category","app/[locale]/categories/[categorySlug]/page.tsx","200","true","https://dordoi.help/kk/categories/sumka-teriden-koterme","true","kk","Сөмке көтерме Дордой — сөмке жеткізушілері | Dordoi.help","Дордой нарығындағы сөмке мен тері бұйымдары жеткізушілері.","Дордой нарығында сөмке мен тері бұйымдары көтерме","present","true","true","false",""
"/kk/categories/aksessuar-koterme","kk","category","app/[locale]/categories/[categorySlug]/page.tsx","200","true","https://dordoi.help/kk/categories/aksessuar-koterme","true","kk","Аксессуарлар көтерме Дордой — нарық жеткізушілері | Dordoi.help","Дордой нарығындағы аксессуарлар жеткізушілері.","Дордой нарығында аксессуарлар көтерме","present","true","true","false",""
"/kk/categories/matamen-shyru-furnitura-koterme","kk","category","app/[locale]/categories/[categorySlug]/page.tsx","200","true","https://dordoi.help/kk/categories/matamen-shyru-furnitura-koterme","true","kk","Мата көтерме Дордой — мата жеткізушілері | Dordoi.help","Дордой нарығындағы мата мен тігін фурнитурасы жеткізушілері.","Дордой нарығында мата мен тігін фурнитурасы көтерме","present","true","true","false",""
"/kk/categories/ui-textili-koterme","kk","category","app/[locale]/categories/[categorySlug]/page.tsx","200","true","https://dordoi.help/kk/categories/ui-textili-koterme","true","kk","Үй текстилі көтерме Дордой — жеткізушілер | Dordoi.help","Дордой нарығындағы үй текстилі жеткізушілері.","Дордой нарығында үй текстилі көтерме","present","true","true","false",""
"/kk/categories/kosmetika-parfumeriya-koterme","kk","category","app/[locale]/categories/[categorySlug]/page.tsx","200","true","https://dordoi.help/kk/categories/kosmetika-parfumeriya-koterme","true","kk","Косметика көтерме Дордой — жеткізушілер | Dordoi.help","Дордой нарығындағы косметика мен парфюмерия жеткізушілері.","Дордой нарығында косметика мен парфюмерия көтерме","present","true","true","true",""
"/kk/categories/oyyinshyk-balalar-koterme","kk","category","app/[locale]/categories/[categorySlug]/page.tsx","200","true","https://dordoi.help/kk/categories/oyyinshyk-balalar-koterme","true","kk","Ойыншықтар көтерме Дордой — жеткізушілер | Dordoi.help","Дордой нарығындағы ойыншықтар мен балалар тауарлары жеткізушілері.","Дордой нарығында ойыншықтар мен балалар тауарлары көтерме","present","true","true","true",""
"/kk/categories/elektronika-mobil-aksessuar-koterme","kk","category","app/[locale]/categories/[categorySlug]/page.tsx","200","true","https://dordoi.help/kk/categories/elektronika-mobil-aksessuar-koterme","true","kk","Электроника көтерме Дордой — жеткізушілер | Dordoi.help","Дордой нарығындағы электроника мен мобильді аксессуарлар жеткізушілері.","Дордой нарығында электроника мен мобильді аксессуарлар көтерме","present","true","true","false",""
"/kk/categories/orau-sauda-zhuymesi-koterme","kk","category","app/[locale]/categories/[categorySlug]/page.tsx","200","true","https://dordoi.help/kk/categories/orau-sauda-zhuymesi-koterme","true","kk","Орау мен сауда жабдығы Дордой — жеткізушілер | Dordoi.help","Дордой нарығындағы орау және сауда жабдығы жеткізушілері.","Дордой сатушыларына орау және сауда жабдығы","present","true","true","true",""
"/kk/categories/ui-tauar-turak-koterme","kk","category","app/[locale]/categories/[categorySlug]/page.tsx","200","true","https://dordoi.help/kk/categories/ui-tauar-turak-koterme","true","kk","Үй тауарлары көтерме Дордой — жеткізушілер | Dordoi.help","Дордой нарығындағы үй тауарлары мен тұрмыстық тауарлар жеткізушілері.","Дордой нарығында үй тауарлары мен тұрмыстық тауарлар көтерме","present","true","true","true",""
"/kk/categories/avto-tauar-aksesuar-koterme","kk","category","app/[locale]/categories/[categorySlug]/page.tsx","200","true","https://dordoi.help/kk/categories/avto-tauar-aksesuar-koterme","true","kk","Авто тауарлар көтерме Дордой — жеткізушілер | Dordoi.help","Дордой нарығындағы авто тауарлар мен аксессуарлар жеткізушілері.","Дордой нарығында авто тауарлар мен аксессуарлар көтерме","present","true","true","true",""
"/kk/categories/sport-turizm-demal-koterme","kk","category","app/[locale]/categories/[categorySlug]/page.tsx","200","true","https://dordoi.help/kk/categories/sport-turizm-demal-koterme","true","kk","Спорт және туризм көтерме Дордой — жеткізушілер | Dordoi.help","Дордой нарығындағы спорт, туризм және демалыс тауарлары жеткізушілері.","Дордой нарығында спорт, туризм және демалыс тауарлары көтерме","present","true","true","true",""
"/kk/blog","kk","blog_hub","app/[locale]/blog/page.tsx","200","true","https://dordoi.help/kk/blog","true","kk","Блог Dordoi.help - Дордой жеткізушілері, Жеткізушілер каталогы, Дордой карго | Dordoi.help","Дордой нарығы: практикалық гидтер, жеткізушілерді іздеу, көтерме сатып алу, байер және карго.","Блог Dordoi.help","present","true","true","false",""
"/kk/blog/dordoi-zhetkizushini-qalai-tabu","kk","blog_guide","app/[locale]/blog/[slug]/page.tsx","200","true","https://dordoi.help/kk/blog/dordoi-zhetkizushini-qalai-tabu","true","kk","Дордой нарығы: жеткізушіні қалай табуға болады | Dordoi.help","Dordoi.help арқылы санатты таңдау, жеткізушілерді салыстыру, контактке қолжетімділік және қауіпсіз алғашқы тексеру.","Дордой нарығы жеткізушісін қалай табуға болады","present","true","true","false",""
"/kk/blog/dordoi-kargo-qalai-zhumys-isteidi","kk","blog_guide","app/[locale]/blog/[slug]/page.tsx","200","true","https://dordoi.help/kk/blog/dordoi-kargo-qalai-zhumys-isteidi","true","kk","Дордой карго: Дордойдан жеткізу қалай жұмыс істейді | Dordoi.help","Дордойдан жеткізуге дайындалу: жеткізуші, байер, партияны тексеру, карго бағыты және қауіпсіз келісу.","Дордой карго: жеткізу қалай жұмыс істейді","present","true","true","false",""
"/kk/blog/dordoi-koterme-qalai-satyp-alu","kk","blog_guide","app/[locale]/blog/[slug]/page.tsx","200","true","https://dordoi.help/kk/blog/dordoi-koterme-qalai-satyp-alu","true","kk","Дордой нарығы: оптом қалай сатып алуға болады | Dordoi.help","Дордойдан оптом сатып алу: санат, жеткізуші, партия, байер, тексеру және жеткізу қадамдары.","Дордой нарығы оптом қалай сатып алуға болады","present","true","true","false",""
"/kk/blog/dordoi-zhetkizushini-qalai-tekseru","kk","blog_guide","app/[locale]/blog/[slug]/page.tsx","200","true","https://dordoi.help/kk/blog/dordoi-zhetkizushini-qalai-tekseru","true","kk","Дордой жеткізушісін қалай тексеру керек | Dordoi.help нұсқаулығы | Dordoi.help","Практикалық нұсқаулық: дордой жеткізушісін қалай тексеру керек. Каталог, санаттар, байер, карго және контактілерге қауіпсіз қолжетімділік.","Дордой жеткізушісін қалай тексеру керек","present","true","true","false",""
"/kk/blog/dordoi-satyp-alu-chek-paragy","kk","blog_guide","app/[locale]/blog/[slug]/page.tsx","200","true","https://dordoi.help/kk/blog/dordoi-satyp-alu-chek-paragy","true","kk","Дордойдан сатып алу чек-парағы | Dordoi.help нұсқаулығы | Dordoi.help","Практикалық нұсқаулық: дордойдан сатып алу чек-парағы. Каталог, санаттар, байер, карго және контактілерге қауіпсіз қолжетімділік.","Дордойдан сатып алу чек-парағы","present","true","true","false",""
"/kk/blog/dordoi-zhetkizushilerin-qalai-salystyru","kk","blog_guide","app/[locale]/blog/[slug]/page.tsx","200","true","https://dordoi.help/kk/blog/dordoi-zhetkizushilerin-qalai-salystyru","true","kk","Дордой жеткізушілерін қалай салыстыру керек | Dordoi.help нұсқаулығы | Dordoi.help","Практикалық нұсқаулық: дордой жеткізушілерін қалай салыстыру керек. Каталог, санаттар, байер, карго және контактілерге қауіпсіз қолжетімділік.","Дордой жеткізушілерін қалай салыстыру керек","present","true","true","false",""
"/kk/blog/dordoi-zhetkizushisine-qalai-zhazu","kk","blog_guide","app/[locale]/blog/[slug]/page.tsx","200","true","https://dordoi.help/kk/blog/dordoi-zhetkizushisine-qalai-zhazu","true","kk","Дордой жеткізушісіне қалай жазу керек | Dordoi.help нұсқаулығы | Dordoi.help","Практикалық нұсқаулық: дордой жеткізушісіне қалай жазу керек. Каталог, санаттар, байер, карго және контактілерге қауіпсіз қолжетімділік.","Дордой жеткізушісіне қалай жазу керек","present","true","true","false",""
"/kk/blog/dordoi-qashyqtan-qalai-satyp-alu","kk","blog_guide","app/[locale]/blog/[slug]/page.tsx","200","true","https://dordoi.help/kk/blog/dordoi-qashyqtan-qalai-satyp-alu","true","kk","Дордойдан қашықтан қалай сатып алу керек | Dordoi.help нұсқаулығы | Dordoi.help","Практикалық нұсқаулық: дордойдан қашықтан қалай сатып алу керек. Каталог, санаттар, байер, карго және контактілерге қауіпсіз қолжетімділік.","Дордойдан қашықтан қалай сатып алу керек","present","true","true","false",""
"/kk/blog/dordoidan-qazaqstanga-zhetkizu","kk","blog_guide","app/[locale]/blog/[slug]/page.tsx","200","true","https://dordoi.help/kk/blog/dordoidan-qazaqstanga-zhetkizu","true","kk","Дордойдан Қазақстанға жеткізу | Dordoi.help нұсқаулығы | Dordoi.help","Практикалық нұсқаулық: дордойдан қазақстанға жеткізу. Каталог, санаттар, байер, карго және контактілерге қауіпсіз қолжетімділік.","Дордойдан Қазақстанға жеткізу","present","true","true","false",""
"/kk/blog/dordoidan-ozbekstanga-zhetkizu","kk","blog_guide","app/[locale]/blog/[slug]/page.tsx","200","true","https://dordoi.help/kk/blog/dordoidan-ozbekstanga-zhetkizu","true","kk","Дордойдан Өзбекстанға жеткізу | Dordoi.help нұсқаулығы | Dordoi.help","Практикалық нұсқаулық: дордойдан өзбекстанға жеткізу. Каталог, санаттар, байер, карго және контактілерге қауіпсіз қолжетімділік.","Дордойдан Өзбекстанға жеткізу","present","true","true","false",""
"/kk/blog/dordoidan-tazhikstanga-zhetkizu","kk","blog_guide","app/[locale]/blog/[slug]/page.tsx","200","true","https://dordoi.help/kk/blog/dordoidan-tazhikstanga-zhetkizu","true","kk","Дордойдан Тәжікстанға жеткізу | Dordoi.help нұсқаулығы | Dordoi.help","Практикалық нұсқаулық: дордойдан тәжікстанға жеткізу. Каталог, санаттар, байер, карго және контактілерге қауіпсіз қолжетімділік.","Дордойдан Тәжікстанға жеткізу","present","true","true","false",""
"/kk/blog/dordoidan-reseige-zhetkizu","kk","blog_guide","app/[locale]/blog/[slug]/page.tsx","200","true","https://dordoi.help/kk/blog/dordoidan-reseige-zhetkizu","true","kk","Дордойдан Ресейге жеткізу | Dordoi.help нұсқаулығы | Dordoi.help","Практикалық нұсқаулық: дордойдан ресейге жеткізу. Каталог, санаттар, байер, карго және контактілерге қауіпсіз қолжетімділік.","Дордойдан Ресейге жеткізу","present","true","true","false",""
"/kk/blog/dordoi-kargo-qansha-uakyt-alady","kk","blog_guide","app/[locale]/blog/[slug]/page.tsx","200","true","https://dordoi.help/kk/blog/dordoi-kargo-qansha-uakyt-alady","true","kk","Дордой карго қанша уақыт алады | Dordoi.help нұсқаулығы | Dordoi.help","Практикалық нұсқаулық: дордой карго қанша уақыт алады. Каталог, санаттар, байер, карго және контактілерге қауіпсіз қолжетімділік.","Дордой карго қанша уақыт алады","present","true","true","false",""
"/kk/blog/dordoi-bayer-degen-kim","kk","blog_guide","app/[locale]/blog/[slug]/page.tsx","200","true","https://dordoi.help/kk/blog/dordoi-bayer-degen-kim","true","kk","Дордой байері деген кім және не үшін керек | Dordoi.help нұсқаулығы | Dordoi.help","Практикалық нұсқаулық: дордой байері деген кім және не үшін керек. Каталог, санаттар, байер, карго және контактілерге қауіпсіз қолжетімділік.","Дордой байері деген кім және не үшін керек","present","true","true","false",""
"/kk/blog/dordoi-bayerin-qalai-tandau","kk","blog_guide","app/[locale]/blog/[slug]/page.tsx","200","true","https://dordoi.help/kk/blog/dordoi-bayerin-qalai-tandau","true","kk","Дордой байерін қалай таңдау керек | Dordoi.help нұсқаулығы | Dordoi.help","Практикалық нұсқаулық: дордой байерін қалай таңдау керек. Каталог, санаттар, байер, карго және контактілерге қауіпсіз қолжетімділік.","Дордой байерін қалай таңдау керек","present","true","true","false",""
"/kk/blog/qazaqstan-ushin-dordoi-bayer","kk","blog_guide","app/[locale]/blog/[slug]/page.tsx","200","true","https://dordoi.help/kk/blog/qazaqstan-ushin-dordoi-bayer","true","kk","Қазақстан үшін Дордой байері | Dordoi.help нұсқаулығы | Dordoi.help","Практикалық нұсқаулық: қазақстан үшін дордой байері. Каталог, санаттар, байер, карго және контактілерге қауіпсіз қолжетімділік.","Қазақстан үшін Дордой байері","present","true","true","false",""
"/kk/blog/dordoi-bayer-nemese-oz-betimen-satyp-alu","kk","blog_guide","app/[locale]/blog/[slug]/page.tsx","200","true","https://dordoi.help/kk/blog/dordoi-bayer-nemese-oz-betimen-satyp-alu","true","kk","Дордой: байер немесе өз бетімен сатып алу | Dordoi.help нұсқаулығы | Dordoi.help","Практикалық нұсқаулық: дордой: байер немесе өз бетімен сатып алу. Каталог, санаттар, байер, карго және контактілерге қауіпсіз қолжетімділік.","Дордой: байер немесе өз бетімен сатып алу","present","true","true","false",""
"/kk/blog/ayelder-kiimi-koterme-dordoi","kk","blog_guide","app/[locale]/blog/[slug]/page.tsx","200","true","https://dordoi.help/kk/blog/ayelder-kiimi-koterme-dordoi","true","kk","Дордой әйелдер киімі көтерме | Dordoi.help нұсқаулығы | Dordoi.help","Практикалық нұсқаулық: дордой әйелдер киімі көтерме. Каталог, санаттар, байер, карго және контактілерге қауіпсіз қолжетімділік.","Дордой әйелдер киімі көтерме","present","true","true","false",""
"/kk/blog/erler-kiimi-koterme-dordoi","kk","blog_guide","app/[locale]/blog/[slug]/page.tsx","200","true","https://dordoi.help/kk/blog/erler-kiimi-koterme-dordoi","true","kk","Дордой ерлер киімі көтерме | Dordoi.help нұсқаулығы | Dordoi.help","Практикалық нұсқаулық: дордой ерлер киімі көтерме. Каталог, санаттар, байер, карго және контактілерге қауіпсіз қолжетімділік.","Дордой ерлер киімі көтерме","present","true","true","false",""
"/kk/blog/balalar-kiimi-koterme-dordoi","kk","blog_guide","app/[locale]/blog/[slug]/page.tsx","200","true","https://dordoi.help/kk/blog/balalar-kiimi-koterme-dordoi","true","kk","Дордой балалар киімі көтерме | Dordoi.help нұсқаулығы | Dordoi.help","Практикалық нұсқаулық: дордой балалар киімі көтерме. Каталог, санаттар, байер, карго және контактілерге қауіпсіз қолжетімділік.","Дордой балалар киімі көтерме","present","true","true","false",""
"/kk/blog/ayaq-kiim-koterme-dordoi","kk","blog_guide","app/[locale]/blog/[slug]/page.tsx","200","true","https://dordoi.help/kk/blog/ayaq-kiim-koterme-dordoi","true","kk","Дордой аяқ киім көтерме | Dordoi.help нұсқаулығы | Dordoi.help","Практикалық нұсқаулық: дордой аяқ киім көтерме. Каталог, санаттар, байер, карго және контактілерге қауіпсіз қолжетімділік.","Дордой аяқ киім көтерме","present","true","true","false",""
"/kk/blog/somkeler-koterme-dordoi","kk","blog_guide","app/[locale]/blog/[slug]/page.tsx","200","true","https://dordoi.help/kk/blog/somkeler-koterme-dordoi","true","kk","Дордой сөмкелер көтерме | Dordoi.help нұсқаулығы | Dordoi.help","Практикалық нұсқаулық: дордой сөмкелер көтерме. Каталог, санаттар, байер, карго және контактілерге қауіпсіз қолжетімділік.","Дордой сөмкелер көтерме","present","true","true","false",""
"/kk/blog/matalar-furnitura-dordoi","kk","blog_guide","app/[locale]/blog/[slug]/page.tsx","200","true","https://dordoi.help/kk/blog/matalar-furnitura-dordoi","true","kk","Дордой маталар және фурнитура | Dordoi.help нұсқаулығы | Dordoi.help","Практикалық нұсқаулық: дордой маталар және фурнитура. Каталог, санаттар, байер, карго және контактілерге қауіпсіз қолжетімділік.","Дордой маталар және фурнитура","present","true","true","false",""
"/kk/blog/dordoi-koterme-tolyk-nuskaulyk","kk","blog_guide","app/[locale]/blog/[slug]/page.tsx","200","true","https://dordoi.help/kk/blog/dordoi-koterme-tolyk-nuskaulyk","true","kk","Дордой көтерме толық нұсқаулық | Dordoi.help нұсқаулығы | Dordoi.help","Практикалық нұсқаулық: дордой көтерме толық нұсқаулық. Каталог, санаттар, байер, карго және контактілерге қауіпсіз қолжетімділік.","Дордой көтерме толық нұсқаулық","present","true","true","false",""
"/kk/blog/dordoi-onlain-katalog-qalai-paidalanu","kk","blog_guide","app/[locale]/blog/[slug]/page.tsx","200","true","https://dordoi.help/kk/blog/dordoi-onlain-katalog-qalai-paidalanu","true","kk","Дордой онлайн каталогын қалай пайдалану керек | Dordoi.help нұсқаулығы | Dordoi.help","Практикалық нұсқаулық: дордой онлайн каталогын қалай пайдалану керек. Каталог, санаттар, байер, карго және контактілерге қауіпсіз қолжетімділік.","Дордой онлайн каталогын қалай пайдалану керек","present","true","true","false",""
"/kk/blog/dordoi-bagalary-men-prais-qalai-naqtylau","kk","blog_guide","app/[locale]/blog/[slug]/page.tsx","200","true","https://dordoi.help/kk/blog/dordoi-bagalary-men-prais-qalai-naqtylau","true","kk","Дордой бағалары мен прайс-листтерін қалай нақтылау керек | Dordoi.help нұсқаулығы | Dordoi.help","Практикалық нұсқаулық: дордой бағалары мен прайс-листтерін қалай нақтылау керек. Каталог, санаттар, байер, карго және контактілерге қауіпсіз қолжетімділік.","Дордой бағалары мен прайс-листтерін қалай нақтылау керек","present","true","true","false",""
"/kk/blog/dordoi-zhetkizushi-kontaktary-qauipsiz-ashu","kk","blog_guide","app/[locale]/blog/[slug]/page.tsx","200","true","https://dordoi.help/kk/blog/dordoi-zhetkizushi-kontaktary-qauipsiz-ashu","true","kk","Дордой жеткізушілерінің контактілерін қауіпсіз ашу | Dordoi.help нұсқаулығы | Dordoi.help","Практикалық нұсқаулық: дордой жеткізушілерінің контактілерін қауіпсіз ашу. Каталог, санаттар, байер, карго және контактілерге қауіпсіз қолжетімділік.","Дордой жеткізушілерінің контактілерін қауіпсіз ашу","present","true","true","false",""
"/kk/blog/trikotazh-koterme-dordoi","kk","blog_guide","app/[locale]/blog/[slug]/page.tsx","200","true","https://dordoi.help/kk/blog/trikotazh-koterme-dordoi","true","kk","Дордой трикотаж көтерме | Dordoi.help нұсқаулығы | Dordoi.help","Практикалық нұсқаулық: дордой трикотаж көтерме. Каталог, санаттар, байер, карго және контактілерге қауіпсіз қолжетімділік.","Дордой трикотаж көтерме","present","true","true","false",""
"/kk/blog/is-kiim-korset-koterme-dordoi","kk","blog_guide","app/[locale]/blog/[slug]/page.tsx","200","true","https://dordoi.help/kk/blog/is-kiim-korset-koterme-dordoi","true","kk","Дордой іш киім және корсеттер көтерме | Dordoi.help нұсқаулығы | Dordoi.help","Практикалық нұсқаулық: дордой іш киім және корсеттер көтерме. Каталог, санаттар, байер, карго және контактілерге қауіпсіз қолжетімділік.","Дордой іш киім және корсеттер көтерме","present","true","true","false",""
"/kk/blog/kyrgyzstan-tosek-zhabdgy-koterme","kk","blog_guide","app/[locale]/blog/[slug]/page.tsx","200","true","https://dordoi.help/kk/blog/kyrgyzstan-tosek-zhabdgy-koterme","true","kk","Қырғызстан төсек жабдығы көтерме | Dordoi.help нұсқаулығы | Dordoi.help","Практикалық нұсқаулық: қырғызстан төсек жабдығы көтерме. Каталог, санаттар, байер, карго және контактілерге қауіпсіз қолжетімділік.","Қырғызстан төсек жабдығы көтерме","present","true","true","false",""
"/kk/blog/wildberries-ushin-bishkek-zhetkizushileri","kk","blog_guide","app/[locale]/blog/[slug]/page.tsx","200","true","https://dordoi.help/kk/blog/wildberries-ushin-bishkek-zhetkizushileri","true","kk","Wildberries үшін Бішкек жеткізушілері | Dordoi.help нұсқаулығы | Dordoi.help","Практикалық нұсқаулық: wildberries үшін бішкек жеткізушілері. Каталог, санаттар, байер, карго және контактілерге қауіпсіз қолжетімділік.","Wildberries үшін Бішкек жеткізушілері","present","true","true","false",""
"/kk/blog/qyrgyzstan-marketpleis-tauarlary-koterme","kk","blog_guide","app/[locale]/blog/[slug]/page.tsx","200","true","https://dordoi.help/kk/blog/qyrgyzstan-marketpleis-tauarlary-koterme","true","kk","Қырғызстан маркетплейстеріне тауарлар көтерме | Dordoi.help нұсқаулығы | Dordoi.help","Практикалық нұсқаулық: қырғызстан маркетплейстеріне тауарлар көтерме. Каталог, санаттар, байер, карго және контактілерге қауіпсіз қолжетімділік.","Қырғызстан маркетплейстеріне тауарлар көтерме","present","true","true","false",""
"/kk/blog/bishkek-tigin-tsehtary-kiim-ondirisi","kk","blog_guide","app/[locale]/blog/[slug]/page.tsx","200","true","https://dordoi.help/kk/blog/bishkek-tigin-tsehtary-kiim-ondirisi","true","kk","Бішкек тігін цехтары және киім өндірісі | Dordoi.help нұсқаулығы | Dordoi.help","Практикалық нұсқаулық: бішкек тігін цехтары және киім өндірісі. Каталог, санаттар, байер, карго және контактілерге қауіпсіз қолжетімділік.","Бішкек тігін цехтары және киім өндірісі","present","true","true","false",""
"/kk/blog/bishkek-daiyn-kiim-tigu","kk","blog_guide","app/[locale]/blog/[slug]/page.tsx","200","true","https://dordoi.help/kk/blog/bishkek-daiyn-kiim-tigu","true","kk","Бішкек дайын киім тігу | Dordoi.help нұсқаулығы | Dordoi.help","Практикалық нұсқаулық: бішкек дайын киім тігу. Каталог, санаттар, байер, карго және контактілерге қауіпсіз қолжетімділік.","Бішкек дайын киім тігу","present","true","true","false",""
"/kk/blog/bishkek-koterme-naryktar-zhetkizushi-izdeu","kk","blog_guide","app/[locale]/blog/[slug]/page.tsx","200","true","https://dordoi.help/kk/blog/bishkek-koterme-naryktar-zhetkizushi-izdeu","true","kk","Бішкек көтерме нарықтары және жеткізушіні қайдан іздеу | Dordoi.help нұсқаулығы | Dordoi.help","Практикалық нұсқаулық: бішкек көтерме нарықтары және жеткізушіні қайдан іздеу. Каталог, санаттар, байер, карго және контактілерге қауіпсіз қолжетімділік.","Бішкек көтерме нарықтары және жеткізушіні қайдан іздеу","present","true","true","false",""
"/kk/blog/bishkek-zhetkizushileri-koterme-seriktes-tabu","kk","blog_guide","app/[locale]/blog/[slug]/page.tsx","200","true","https://dordoi.help/kk/blog/bishkek-zhetkizushileri-koterme-seriktes-tabu","true","kk","Бішкек жеткізушілері: көтерме серіктесті қалай табу | Dordoi.help нұсқаулығы | Dordoi.help","Практикалық нұсқаулық: бішкек жеткізушілері: көтерме серіктесті қалай табу. Каталог, санаттар, байер, карго және контактілерге қауіпсіз қолжетімділік.","Бішкек жеткізушілері: көтерме серіктесті қалай табу","present","true","true","false",""
"/kk/blog/dordoi-bishkek-zhetkizushiler-katalog-sanattar","kk","blog_guide","app/[locale]/blog/[slug]/page.tsx","200","true","https://dordoi.help/kk/blog/dordoi-bishkek-zhetkizushiler-katalog-sanattar","true","kk","Дордой Бішкек: жеткізушілер, каталог және санаттар | Dordoi.help нұсқаулығы | Dordoi.help","Практикалық нұсқаулық: дордой бішкек: жеткізушілер, каталог және санаттар. Каталог, санаттар, байер, карго және контактілерге қауіпсіз қолжетімділік.","Дордой Бішкек: жеткізушілер, каталог және санаттар","present","true","true","false",""
"/kk/blog/bishkek-koterme-naryktary-dordoi-madina-alamedin","kk","blog_guide","app/[locale]/blog/[slug]/page.tsx","200","true","https://dordoi.help/kk/blog/bishkek-koterme-naryktary-dordoi-madina-alamedin","true","kk","Бішкектің көтерме нарықтары: Дордой, Мадина, Аламедин | Dordoi.help нұсқаулығы | Dordoi.help","Практикалық нұсқаулық: бішкектің көтерме нарықтары: дордой, мадина, аламедин. Каталог, санаттар, байер, карго және контактілерге қауіпсіз қолжетімділік.","Бішкектің көтерме нарықтары: Дордой, Мадина, Аламедин","present","true","true","false",""
"/kk/blog/bishkek-kiim-koterme-dordoi-zhetkizushiler","kk","blog_guide","app/[locale]/blog/[slug]/page.tsx","200","true","https://dordoi.help/kk/blog/bishkek-kiim-koterme-dordoi-zhetkizushiler","true","kk","Бішкек киім көтерме: Дордой жеткізушілері | Dordoi.help нұсқаулығы | Dordoi.help","Практикалық нұсқаулық: бішкек киім көтерме: дордой жеткізушілері. Каталог, санаттар, байер, карго және контактілерге қауіпсіз қолжетімділік.","Бішкек киім көтерме: Дордой жеткізушілері","present","true","true","false",""
"/kk/blog/bishkek-tauarlar-koterme-duken-marketpleis","kk","blog_guide","app/[locale]/blog/[slug]/page.tsx","200","true","https://dordoi.help/kk/blog/bishkek-tauarlar-koterme-duken-marketpleis","true","kk","Бішкек тауарлар көтерме: дүкен және маркетплейс үшін | Dordoi.help нұсқаулығы | Dordoi.help","Практикалық нұсқаулық: бішкек тауарлар көтерме: дүкен және маркетплейс үшін. Каталог, санаттар, байер, карго және контактілерге қауіпсіз қолжетімділік.","Бішкек тауарлар көтерме: дүкен және маркетплейс үшін","present","true","true","false",""
"/kk/blog/bishkek-zhetkizushiler-katalogy-qalai-paidalanu","kk","blog_guide","app/[locale]/blog/[slug]/page.tsx","200","true","https://dordoi.help/kk/blog/bishkek-zhetkizushiler-katalogy-qalai-paidalanu","true","kk","Бішкек жеткізушілер каталогын қалай пайдалану | Dordoi.help нұсқаулығы | Dordoi.help","Практикалық нұсқаулық: бішкек жеткізушілер каталогын қалай пайдалану. Каталог, санаттар, байер, карго және контактілерге қауіпсіз қолжетімділік.","Бішкек жеткізушілер каталогын қалай пайдалану","present","true","true","false",""
"/kk/blog/bishkekte-koterme-satyp-alu-ushin-naryk-tandau","kk","blog_guide","app/[locale]/blog/[slug]/page.tsx","200","true","https://dordoi.help/kk/blog/bishkekte-koterme-satyp-alu-ushin-naryk-tandau","true","kk","Бішкекте көтерме сатып алу үшін нарықты қалай таңдау | Dordoi.help нұсқаулығы | Dordoi.help","Практикалық нұсқаулық: бішкекте көтерме сатып алу үшін нарықты қалай таңдау. Каталог, санаттар, байер, карго және контактілерге қауіпсіз қолжетімділік.","Бішкекте көтерме сатып алу үшін нарықты қалай таңдау","present","true","true","false",""
"/kk/catalog/postavshik-zhenskoy-odezhdy-a9e9","kk","vendor_sample_locked","app/[locale]/catalog/[slug]/page.tsx","200","true","https://dordoi.help/kk/suppliers/asso-corsets","true","kk","Дордой нарығындағы әйелдер киімі жеткізушісі | Dordoi.help","Дордой нарығындағы әйелдер киімі жеткізушісі. Сипаттама, санаттар және жұмыс шарттарын қараңыз. Байланыс Dordoi.help арқылы.","Дордой нарығындағы әйелдер киімі жеткізушісі","present","false","true","true",""
"/kk/suppliers/asso-corsets","kk","vendor_sample_locked","app/[locale]/suppliers/[seoSlug]/page.tsx","200","true","https://dordoi.help/kk/suppliers/asso-corsets","true","kk","Дордой нарығындағы әйелдер киімі жеткізушісі | Dordoi.help","Дордой нарығындағы әйелдер киімі жеткізушісі. Сипаттама, санаттар және жұмыс шарттарын қараңыз. Байланыс Dordoi.help арқылы.","Дордой нарығындағы әйелдер киімі жеткізушісі","present","false","true","true",""
"/kg","kg","core","app/[locale]/page.tsx","200","true","https://dordoi.help/kg","true","ky","Dordoi.help — Дордой базары үчүн опт платформасы | Dordoi.help","Товарлар, жеткирүүчүлөр жана байерлер бир жерден. Борбордук Азия B2B.","Дордой базарынын жеткирүүчүлөрү, байерлери жана каргосу бир каталогдо","present","true","true","false",""
"/kg/catalog","kg","core","app/[locale]/catalog/page.tsx","200","true","https://dordoi.help/kg/catalog","true","ky","Дордой жеткирүүчүлөр каталогу — опт сатуучулар, фильтрлер жана издөө | Dordoi.help","Дордой базарынын жеткирүүчүлөр каталогу: опт кийим, бут кийим, сумка жана текстиль сатуучулары. Бишкектен товар сатып алуу үчүн жеткирүүчү, байер же карго табыңыз.","Дордой базарынын опт жеткирүүчүлөр каталогу","present","true","true","true",""
"/kg/sell","kg","core","app/[locale]/sell/page.tsx","200","true","https://dordoi.help/kg/sell","true","ky","Опт менен сатуу — Dordoi.help | Dordoi.help","Дордой базарынан опт менен сатуу: витрина, өтүнүктөр жана сатып алуучулардын контакттары катарларды кыдырып эмес.","Опт менен сатуу","present","true","true","false",""
"/kg/suppliers","kg","core","app/[locale]/suppliers/page.tsx","200","true","https://dordoi.help/kg/suppliers","true","ky","Дордой жеткирүүчүлөрү — базардын опт сатуучулары | Dordoi.help","Дордой базарынын жеткирүүчүлөрүн табыңыз: опт кийим, бут кийим, сумка жана текстиль сатуучулары. Каталог сатып алуучуларга жеткирүүчү, байер же карго табууга жардам берет.","Дордой базарынын жеткирүүчүлөрү — опт сатуучулар жана байланыш","present","true","true","false",""
"/kg/buyers","kg","core","app/[locale]/buyers/page.tsx","200","true","https://dordoi.help/kg/buyers","true","ky","Дордойдо байер табуу — Dordoi.help | Dordoi.help","Дордой базарынын байерлери: сатып алуу, сапатты текшерүү жана партия чогултуу — артык сапарсыз.","Байер табуу","present","true","true","true",""
"/kg/buyer-service","kg","core","app/[locale]/buyer-service/page.tsx","200","true","https://dordoi.help/kg/buyer-service","true","ky","Байерлерге — Dordoi.help | Dordoi.help","Товар тандоо, сапат текшерүү жана заказдарды чогултуу.","Байерлерге","present","true","true","true",""
"/kg/about","kg","core","app/[locale]/about/page.tsx","200","true","https://dordoi.help/kg/about","true","ky","Dordoi.help - Дордой жеткирүүчүлөрү, Байер жана Дордой карго | Dordoi.help","Dordoi.help дордой базары боюнча жеткирүүчүлөрдү, категорияларды, байерлерди жана карго багыттарын табууга жардам берет.","Dordoi.help - Дордой базары боюнча каталог жана жол көрсөткүч","present","true","true","false",""
"/kg/how-it-works","kg","core","app/[locale]/how-it-works/page.tsx","200","true","https://dordoi.help/kg/how-it-works","true","ky","Dordoi.help кантип иштейт - Жеткирүүчүлөр каталогу, Байер, Дордой карго | Dordoi.help","Жеткирүүчүлөр каталогу аркылуу категория тандоо, жеткирүүчүнү салыштыруу, доступ ачуу, байер же карго колдонуу кадамдары.","Dordoi.help кантип иштейт","present","true","true","false",""
"/kg/for-buyers","kg","core","app/[locale]/for-buyers/page.tsx","200","true","https://dordoi.help/kg/for-buyers","true","ky","Дордой базары: сатып алуучулар үчүн жеткирүүчүлөр, байер жана карго | Dordoi.help","Сатып алуучуларга: Dordoi.help аркылуу жеткирүүчүлөрдү табуу, контактка доступ, байер жана карго сценарийлери.","Дордой базары сатып алуучулары үчүн Dordoi.help","present","true","true","false",""
"/kg/for-sellers","kg","core","app/[locale]/for-sellers/page.tsx","200","true","https://dordoi.help/kg/for-sellers","true","ky","Сатуучуларга: Dordoi.help каталогунда жеткирүүчү карточкасы | Dordoi.help","Сатуучуларга: карточка, категория, ачык сүрөттөмө жана contact privacy эрежелери.","Сатуучуларга: Dordoi.help каталогунда көрүнүү","present","true","true","false",""
"/kg/help","kg","core","app/[locale]/help/page.tsx","200","true","https://dordoi.help/kg/help","true","ky","Жардам — Dordoi.help | Dordoi.help","Dordoi.help колдонуу боюнча.","Жардам","present","true","true","false",""
"/kg/faq","kg","core","app/[locale]/faq/page.tsx","200","true","https://dordoi.help/kg/faq","true","ky","Dordoi.help FAQ - Дордой жеткирүүчүлөрү, Байер, Дордой карго | Dordoi.help","Dordoi.help боюнча көп берилген суроолор: жеткирүүчүлөр, контактка доступ, байер, карго жана өлкөлөр боюнча сатып алуу.","Dordoi.help FAQ","present","true","true","false",""
"/kg/dordoi-kazakhstan","kg","core","app/[locale]/dordoi-kazakhstan/page.tsx","200","true","https://dordoi.help/kg/dordoi-kazakhstan","true","ky","Дордой Казакстан үчүн: Дордой жеткирүүчүлөрү, Байер жана Дордой карго | Dordoi.help","Казакстан сатып алуучулары үчүн Дордой базарынан жеткирүүчүлөрдү, категорияларды, байерди жана жеткирүү сценарийин табуу.","Дордой Казакстан сатып алуучулары үчүн","present","true","true","false",""
"/kg/dordoi-uzbekistan","kg","core","app/[locale]/dordoi-uzbekistan/page.tsx","200","true","https://dordoi.help/kg/dordoi-uzbekistan","true","ky","Дордой Өзбекстан үчүн: Дордой жеткирүүчүлөрү, Байер жана Дордой карго | Dordoi.help","Өзбекстан сатып алуучулары үчүн Дордой базарынан жеткирүүчүлөрдү, категорияларды, байерди жана жеткирүү сценарийин табуу.","Дордой Өзбекстан сатып алуучулары үчүн","present","true","true","false",""
"/kg/dordoi-tajikistan","kg","core","app/[locale]/dordoi-tajikistan/page.tsx","200","true","https://dordoi.help/kg/dordoi-tajikistan","true","ky","Дордой Тажикстан үчүн: Дордой жеткирүүчүлөрү, Байер жана Дордой карго | Dordoi.help","Тажикстан сатып алуучулары үчүн Дордой базарынан жеткирүүчүлөрдү, категорияларды, байерди жана жеткирүү сценарийин табуу.","Дордой Тажикстан сатып алуучулары үчүн","present","true","true","false",""
"/kg/dordoi-russia","kg","core","app/[locale]/dordoi-russia/page.tsx","200","true","https://dordoi.help/kg/dordoi-russia","true","ky","Дордой Россия үчүн: Дордой жеткирүүчүлөрү, Байер жана Дордой карго | Dordoi.help","Россия сатып алуучулары үчүн Дордой базарынан жеткирүүчүлөрдү, категорияларды, байерди жана жеткирүү сценарийин табуу.","Дордой Россия сатып алуучулары үчүн","present","true","true","false",""
"/kg/dordoi-kyrgyzstan","kg","core","app/[locale]/dordoi-kyrgyzstan/page.tsx","200","true","https://dordoi.help/kg/dordoi-kyrgyzstan","true","ky","Дордой Кыргызстан үчүн: Дордой жеткирүүчүлөрү, Байер жана Дордой карго | Dordoi.help","Кыргызстан сатып алуучулары үчүн Дордой базарынан жеткирүүчүлөрдү, категорияларды, байерди жана жеткирүү сценарийин табуу.","Дордой Кыргызстан сатып алуучулары үчүн","present","true","true","false",""
"/kg/contact","kg","core","app/[locale]/contact/page.tsx","200","true","https://dordoi.help/kg/contact","true","ky","Байланыш — Dordoi.help | Dordoi.help","Dordoi.help командасына жазыңыз.","Байланыш","present","true","true","true",""
"/kg/privacy","kg","core","app/[locale]/privacy/page.tsx","200","true","https://dordoi.help/kg/privacy","true","ky","Купуялык саясаты — Dordoi.help | Dordoi.help","Дайындарды иштетүү.","Купуялык","present","true","true","false",""
"/kg/terms","kg","core","app/[locale]/terms/page.tsx","200","true","https://dordoi.help/kg/terms","true","ky","Колдонуу шарттары — Dordoi.help | Dordoi.help","Сервис эрежелери.","Шарттар","present","true","true","true",""
"/kg/refund","kg","core","app/[locale]/refund/page.tsx","200","true","https://dordoi.help/kg/refund","true","ky","Кайтаруу саясаты — Dordoi.help | Dordoi.help","Кайтаруулар жөнүндө маалымат.","Кайтаруулар","present","true","true","true",""
"/kg/kargo-dordoi","kg","core","app/[locale]/kargo-dordoi/page.tsx","200","true","https://dordoi.help/kg/kargo-dordoi","true","ky","Дордой карго — базардан товар жеткирүү | Dordoi.help","Дордой карго жана Бишкектен жеткирүү. Dordoi.help аркылуу байер жана логистиканы кантип табуу керек.","Дордой карго: Бишкектен товар жеткирүү","present","true","true","true",""
"/kg/dordoi-optom","kg","core","app/[locale]/dordoi-optom/page.tsx","200","true","https://dordoi.help/kg/dordoi-optom","true","ky","Дордой оптом — товарлар, жеткирүүчүлөр жана сатып алуу | Dordoi.help","Дордой оптом: товар категориялары, жеткирүүчүлөр жана Dordoi.help аркылуу сатып алуу.","Дордой оптом: товарлар, жеткирүүчүлөр жана каталог аркылуу сатып алуу","present","true","true","false",""
"/kg/rynok-bishkek","kg","core","app/[locale]/rynok-bishkek/page.tsx","200","true","https://dordoi.help/kg/rynok-bishkek","true","ky","Бишкек базары - оптом базарлар, жеткирүүчүлөр жана Дордой | Dordoi.help","Оптом сатып алуучулар үчүн Бишкек базарлары боюнча колдонмо: жеткирүүчүлөрдү кайдан издөө, Дордойду качан тандоо жана Dordoi.help каталогун кантип колдонуу.","Бишкек базары: жеткирүүчүлөрдү жана оптом товарларды кайдан издөө","present","true","true","false",""
"/kg/rynok-dordoi","kg","core","app/[locale]/rynok-dordoi/page.tsx","200","true","https://dordoi.help/kg/rynok-dordoi","true","ky","Дордой базары Бишкек — жеткирүүчүлөр, опт жана сатуучулар каталогу | Dordoi.help","Бишкектеги Дордой базары жөнүндө: жеткирүүчүлөр, опт категориялары, байерлер жана Dordoi.help каталогу.","Бишкектеги Дордой базары: жеткирүүчүлөр, опт жана сатуучулар каталогу","present","true","true","false",""
"/kg/categories/ayaldar-kiyimi-dung","kg","category","app/[locale]/categories/[categorySlug]/page.tsx","200","true","https://dordoi.help/kg/categories/ayaldar-kiyimi-dung","true","ky","Аялдар кийими оптом Дордой — жеткирүүчүлөр жана сатуучулар | Dordoi.help","Дордой базарындагы аялдар кийими жеткирүүчүлөрү: опт сатуучулар жана сатуучу чекиттер. Dordoi.help каталогу аркылуу жеткирүүчүнү табыңыз.","Дордой базарында аялдар кийими оптом","present","true","true","false",""
"/kg/categories/erkek-kiyimi-dung","kg","category","app/[locale]/categories/[categorySlug]/page.tsx","200","true","https://dordoi.help/kg/categories/erkek-kiyimi-dung","true","ky","Эркек кийими оптом Дордой — базар жеткирүүчүлөрү | Dordoi.help","Дордой базарындагы эркек кийими жеткирүүчүлөрү: опт сатуучулар жана дүкөндөр.","Дордой базарында эркек кийими оптом","present","true","true","false",""
"/kg/categories/baldar-kiyimi-dung","kg","category","app/[locale]/categories/[categorySlug]/page.tsx","200","true","https://dordoi.help/kg/categories/baldar-kiyimi-dung","true","ky","Балдар кийими оптом Дордой — жеткирүүчүлөр жана сатуучулар | Dordoi.help","Дордой базарындагы балдар кийими жеткирүүчүлөрү.","Дордой базарында балдар кийими оптом","present","true","true","false",""
"/kg/categories/astyk-kiyim-kupalnik-dung","kg","category","app/[locale]/categories/[categorySlug]/page.tsx","200","true","https://dordoi.help/kg/categories/astyk-kiyim-kupalnik-dung","true","ky","Астык кийим жана купальник оптом Дордой — жеткирүүчүлөр | Dordoi.help","Дордой базарындагы астык кийим жана купальник жеткирүүчүлөрү.","Дордой базарында астык кийим жана купальник оптом","present","true","true","false",""
"/kg/categories/but-kiim-dung","kg","category","app/[locale]/categories/[categorySlug]/page.tsx","200","true","https://dordoi.help/kg/categories/but-kiim-dung","true","ky","Бут кийим оптом Дордой — бут кийим жеткирүүчүлөрү | Dordoi.help","Дордой базарындагы бут кийим жеткирүүчүлөрү.","Дордой базарында бут кийим оптом","present","true","true","false",""
"/kg/categories/sumka-teri-dung","kg","category","app/[locale]/categories/[categorySlug]/page.tsx","200","true","https://dordoi.help/kg/categories/sumka-teri-dung","true","ky","Сумка оптом Дордой — сумка жеткирүүчүлөрү | Dordoi.help","Дордой базарындагы сумка жана тери буюмдары жеткирүүчүлөрү.","Дордой базарында сумка жана тери буюмдары оптом","present","true","true","false",""
"/kg/categories/aksessuar-dung","kg","category","app/[locale]/categories/[categorySlug]/page.tsx","200","true","https://dordoi.help/kg/categories/aksessuar-dung","true","ky","Аксессуарлар оптом Дордой — базар жеткирүүчүлөрү | Dordoi.help","Дордой базарындагы аксессуарлар жеткирүүчүлөрү.","Дордой базарында аксессуарлар оптом","present","true","true","false",""
"/kg/categories/matamen-shyru-furnitura-dung","kg","category","app/[locale]/categories/[categorySlug]/page.tsx","200","true","https://dordoi.help/kg/categories/matamen-shyru-furnitura-dung","true","ky","Маталар оптом Дордой — мата жеткирүүчүлөрү | Dordoi.help","Дордой базарындагы маталар жана тигүү фурнитурасы жеткирүүчүлөрү.","Дордой базарында маталар жана тигүү фурнитурасы оптом","present","true","true","false",""
"/kg/categories/ui-textili-dung","kg","category","app/[locale]/categories/[categorySlug]/page.tsx","200","true","https://dordoi.help/kg/categories/ui-textili-dung","true","ky","Үй текстили оптом Дордой — жеткирүүчүлөр | Dordoi.help","Дордой базарындагы үй текстили жеткирүүчүлөрү.","Дордой базарында үй текстили оптом","present","true","true","false",""
"/kg/categories/kosmetika-parfumeriya-dung","kg","category","app/[locale]/categories/[categorySlug]/page.tsx","200","true","https://dordoi.help/kg/categories/kosmetika-parfumeriya-dung","true","ky","Косметика оптом Дордой — жеткирүүчүлөр | Dordoi.help","Дордой базарындагы косметика жана парфюмерия жеткирүүчүлөрү.","Дордой базарында косметика жана парфюмерия оптом","present","true","true","true",""
"/kg/categories/oynoochuk-baldar-dung","kg","category","app/[locale]/categories/[categorySlug]/page.tsx","200","true","https://dordoi.help/kg/categories/oynoochuk-baldar-dung","true","ky","Оюнчуктар оптом Дордой — жеткирүүчүлөр | Dordoi.help","Дордой базарындагы оюнчуктар жана балдар товарлары жеткирүүчүлөрү.","Дордой базарында оюнчуктар жана балдар товарлары оптом","present","true","true","true",""
"/kg/categories/elektronika-mobil-aksessuar-dung","kg","category","app/[locale]/categories/[categorySlug]/page.tsx","200","true","https://dordoi.help/kg/categories/elektronika-mobil-aksessuar-dung","true","ky","Электроника оптом Дордой — жеткирүүчүлөр | Dordoi.help","Дордой базарындагы электроника жана мобилдик аксессуарлар жеткирүүчүлөрү.","Дордой базарында электроника жана мобилдик аксессуарлар оптом","present","true","true","false",""
"/kg/categories/oroo-sauda-zhuymosu-dung","kg","category","app/[locale]/categories/[categorySlug]/page.tsx","200","true","https://dordoi.help/kg/categories/oroo-sauda-zhuymosu-dung","true","ky","Ооруу жана соода жабдуусу Дордой — жеткирүүчүлөр | Dordoi.help","Дордой базарындагы ооруу жана соода жабдуусу жеткирүүчүлөрү.","Дордой сатуучулары үчүн ооруу жана соода жабдуусу","present","true","true","true",""
"/kg/categories/ui-tovar-turak-dung","kg","category","app/[locale]/categories/[categorySlug]/page.tsx","200","true","https://dordoi.help/kg/categories/ui-tovar-turak-dung","true","ky","Үй товарлары оптом Дордой — жеткирүүчүлөр | Dordoi.help","Дордой базарындагы үй товарлары жана турмуштук товарлар жеткирүүчүлөрү.","Дордой базарында үй товарлары жана турмуштук товарлар оптом","present","true","true","true",""
"/kg/categories/avto-tovar-aksessuar-dung","kg","category","app/[locale]/categories/[categorySlug]/page.tsx","200","true","https://dordoi.help/kg/categories/avto-tovar-aksessuar-dung","true","ky","Авто товарлар оптом Дордой — жеткирүүчүлөр | Dordoi.help","Дордой базарындагы авто товарлар жана аксессуарлар жеткирүүчүлөрү.","Дордой базарында авто товарлар жана аксессуарлар оптом","present","true","true","true",""
"/kg/categories/sport-turizm-dem-al-dung","kg","category","app/[locale]/categories/[categorySlug]/page.tsx","200","true","https://dordoi.help/kg/categories/sport-turizm-dem-al-dung","true","ky","Спорт жана туризм оптом Дордой — жеткирүүчүлөр | Dordoi.help","Дордой базарындагы спорт, туризм жана эс алуу товарлары жеткирүүчүлөрү.","Дордой базарында спорт, туризм жана эс алуу товарлары оптом","present","true","true","true",""
"/kg/blog","kg","blog_hub","app/[locale]/blog/page.tsx","200","true","https://dordoi.help/kg/blog","true","ky","Блог Dordoi.help - Дордой жеткирүүчүлөрү, Жеткирүүчүлөр каталогу, Дордой карго | Dordoi.help","Дордой базары: практикалык гиддер, жеткирүүчүлөрдү издөө, оптом сатып алуу, байер жана карго.","Блог Dordoi.help","present","true","true","false",""
"/kg/blog/dordoi-zhetkiruuchunu-kantip-tabuu","kg","blog_guide","app/[locale]/blog/[slug]/page.tsx","200","true","https://dordoi.help/kg/blog/dordoi-zhetkiruuchunu-kantip-tabuu","true","ky","Дордой базары: жеткирүүчүнү кантип табуу керек | Dordoi.help","Dordoi.help аркылуу категория тандоо, жеткирүүчүлөрдү салыштыруу, контактка доступ жана коопсуз биринчи текшерүү.","Дордой базары жеткирүүчүсүн кантип табуу керек","present","true","true","false",""
"/kg/blog/dordoi-kargo-kantip-ishteit","kg","blog_guide","app/[locale]/blog/[slug]/page.tsx","200","true","https://dordoi.help/kg/blog/dordoi-kargo-kantip-ishteit","true","ky","Дордой карго: Дордойдон жеткирүү кантип иштейт | Dordoi.help","Дордойдон жеткирүүгө даярдануу: жеткирүүчү, байер, партияны текшерүү, карго багыты жана коопсуз макулдашуу.","Дордой карго: жеткирүү кантип иштейт","present","true","true","false",""
"/kg/blog/dordoi-optom-kantip-satyp-aluu","kg","blog_guide","app/[locale]/blog/[slug]/page.tsx","200","true","https://dordoi.help/kg/blog/dordoi-optom-kantip-satyp-aluu","true","ky","Дордой базары: оптом кантип сатып алуу керек | Dordoi.help","Дордойдон оптом сатып алуу: категория, жеткирүүчү, партия, байер, текшерүү жана жеткирүү кадамдары.","Дордой базары оптом кантип сатып алуу керек","present","true","true","false",""
"/kg/blog/dordoi-zhetkiruuchunu-kantip-teksheruu","kg","blog_guide","app/[locale]/blog/[slug]/page.tsx","200","true","https://dordoi.help/kg/blog/dordoi-zhetkiruuchunu-kantip-teksheruu","true","ky","Дордой жеткирүүчүсүн кантип текшерүү керек | Dordoi.help колдонмосу | Dordoi.help","Практикалык колдонмо: дордой жеткирүүчүсүн кантип текшерүү керек. Каталог, категориялар, байер, карго жана контактка коопсуз доступ.","Дордой жеткирүүчүсүн кантип текшерүү керек","present","true","true","false",""
"/kg/blog/dordoi-satyp-aluu-chek-baragy","kg","blog_guide","app/[locale]/blog/[slug]/page.tsx","200","true","https://dordoi.help/kg/blog/dordoi-satyp-aluu-chek-baragy","true","ky","Дордойдон сатып алуу чек-барагы | Dordoi.help колдонмосу | Dordoi.help","Практикалык колдонмо: дордойдон сатып алуу чек-барагы. Каталог, категориялар, байер, карго жана контактка коопсуз доступ.","Дордойдон сатып алуу чек-барагы","present","true","true","false",""
"/kg/blog/dordoi-zhetkiruuchulorun-kantip-salyshtyruu","kg","blog_guide","app/[locale]/blog/[slug]/page.tsx","200","true","https://dordoi.help/kg/blog/dordoi-zhetkiruuchulorun-kantip-salyshtyruu","true","ky","Дордой жеткирүүчүлөрүн кантип салыштыруу керек | Dordoi.help колдонмосу | Dordoi.help","Практикалык колдонмо: дордой жеткирүүчүлөрүн кантип салыштыруу керек. Каталог, категориялар, байер, карго жана контактка коопсуз доступ.","Дордой жеткирүүчүлөрүн кантип салыштыруу керек","present","true","true","false",""
"/kg/blog/dordoi-zhetkiruuchusuno-kantip-zhazuu","kg","blog_guide","app/[locale]/blog/[slug]/page.tsx","200","true","https://dordoi.help/kg/blog/dordoi-zhetkiruuchusuno-kantip-zhazuu","true","ky","Дордой жеткирүүчүсүнө кантип жазуу керек | Dordoi.help колдонмосу | Dordoi.help","Практикалык колдонмо: дордой жеткирүүчүсүнө кантип жазуу керек. Каталог, категориялар, байер, карго жана контактка коопсуз доступ.","Дордой жеткирүүчүсүнө кантип жазуу керек","present","true","true","false",""
"/kg/blog/dordoi-aralyktan-kantip-satyp-aluu","kg","blog_guide","app/[locale]/blog/[slug]/page.tsx","200","true","https://dordoi.help/kg/blog/dordoi-aralyktan-kantip-satyp-aluu","true","ky","Дордойдон аралыктан кантип сатып алуу керек | Dordoi.help колдонмосу | Dordoi.help","Практикалык колдонмо: дордойдон аралыктан кантип сатып алуу керек. Каталог, категориялар, байер, карго жана контактка коопсуз доступ.","Дордойдон аралыктан кантип сатып алуу керек","present","true","true","false",""
"/kg/blog/dordoidon-kazakstanga-zhetkiruu","kg","blog_guide","app/[locale]/blog/[slug]/page.tsx","200","true","https://dordoi.help/kg/blog/dordoidon-kazakstanga-zhetkiruu","true","ky","Дордойдон Казакстанга жеткирүү | Dordoi.help колдонмосу | Dordoi.help","Практикалык колдонмо: дордойдон казакстанга жеткирүү. Каталог, категориялар, байер, карго жана контактка коопсуз доступ.","Дордойдон Казакстанга жеткирүү","present","true","true","false",""
"/kg/blog/dordoidon-ozbekstanga-zhetkiruu","kg","blog_guide","app/[locale]/blog/[slug]/page.tsx","200","true","https://dordoi.help/kg/blog/dordoidon-ozbekstanga-zhetkiruu","true","ky","Дордойдон Өзбекстанга жеткирүү | Dordoi.help колдонмосу | Dordoi.help","Практикалык колдонмо: дордойдон өзбекстанга жеткирүү. Каталог, категориялар, байер, карго жана контактка коопсуз доступ.","Дордойдон Өзбекстанга жеткирүү","present","true","true","false",""
"/kg/blog/dordoidon-tazhikstanga-zhetkiruu","kg","blog_guide","app/[locale]/blog/[slug]/page.tsx","200","true","https://dordoi.help/kg/blog/dordoidon-tazhikstanga-zhetkiruu","true","ky","Дордойдон Тажикстанга жеткирүү | Dordoi.help колдонмосу | Dordoi.help","Практикалык колдонмо: дордойдон тажикстанга жеткирүү. Каталог, категориялар, байер, карго жана контактка коопсуз доступ.","Дордойдон Тажикстанга жеткирүү","present","true","true","false",""
"/kg/blog/dordoidon-rossiyaga-zhetkiruu","kg","blog_guide","app/[locale]/blog/[slug]/page.tsx","200","true","https://dordoi.help/kg/blog/dordoidon-rossiyaga-zhetkiruu","true","ky","Дордойдон Россияга жеткирүү | Dordoi.help колдонмосу | Dordoi.help","Практикалык колдонмо: дордойдон россияга жеткирүү. Каталог, категориялар, байер, карго жана контактка коопсуз доступ.","Дордойдон Россияга жеткирүү","present","true","true","false",""
"/kg/blog/dordoi-kargo-kancha-ubakyt-alat","kg","blog_guide","app/[locale]/blog/[slug]/page.tsx","200","true","https://dordoi.help/kg/blog/dordoi-kargo-kancha-ubakyt-alat","true","ky","Дордой карго канча убакыт алат | Dordoi.help колдонмосу | Dordoi.help","Практикалык колдонмо: дордой карго канча убакыт алат. Каталог, категориялар, байер, карго жана контактка коопсуз доступ.","Дордой карго канча убакыт алат","present","true","true","false",""
"/kg/blog/dordoi-bayer-kim-zhana-emne-uchun-kerek","kg","blog_guide","app/[locale]/blog/[slug]/page.tsx","200","true","https://dordoi.help/kg/blog/dordoi-bayer-kim-zhana-emne-uchun-kerek","true","ky","Дордой байери ким жана эмне үчүн керек | Dordoi.help колдонмосу | Dordoi.help","Практикалык колдонмо: дордой байери ким жана эмне үчүн керек. Каталог, категориялар, байер, карго жана контактка коопсуз доступ.","Дордой байери ким жана эмне үчүн керек","present","true","true","false",""
"/kg/blog/dordoi-bayerin-kantip-tandoo","kg","blog_guide","app/[locale]/blog/[slug]/page.tsx","200","true","https://dordoi.help/kg/blog/dordoi-bayerin-kantip-tandoo","true","ky","Дордой байерин кантип тандоо керек | Dordoi.help колдонмосу | Dordoi.help","Практикалык колдонмо: дордой байерин кантип тандоо керек. Каталог, категориялар, байер, карго жана контактка коопсуз доступ.","Дордой байерин кантип тандоо керек","present","true","true","false",""
"/kg/blog/kazakstan-uchun-dordoi-bayer","kg","blog_guide","app/[locale]/blog/[slug]/page.tsx","200","true","https://dordoi.help/kg/blog/kazakstan-uchun-dordoi-bayer","true","ky","Казакстан үчүн Дордой байер | Dordoi.help колдонмосу | Dordoi.help","Практикалык колдонмо: казакстан үчүн дордой байер. Каталог, категориялар, байер, карго жана контактка коопсуз доступ.","Казакстан үчүн Дордой байер","present","true","true","false",""
"/kg/blog/dordoi-bayer-zhe-oz-aldyncha-satyp-aluu","kg","blog_guide","app/[locale]/blog/[slug]/page.tsx","200","true","https://dordoi.help/kg/blog/dordoi-bayer-zhe-oz-aldyncha-satyp-aluu","true","ky","Дордой: байер же өз алдынча сатып алуу | Dordoi.help колдонмосу | Dordoi.help","Практикалык колдонмо: дордой: байер же өз алдынча сатып алуу. Каталог, категориялар, байер, карго жана контактка коопсуз доступ.","Дордой: байер же өз алдынча сатып алуу","present","true","true","false",""
"/kg/blog/ayaldar-kiyimi-dununon-dordoi","kg","blog_guide","app/[locale]/blog/[slug]/page.tsx","200","true","https://dordoi.help/kg/blog/ayaldar-kiyimi-dununon-dordoi","true","ky","Дордой аялдар кийими дүңүнөн | Dordoi.help колдонмосу | Dordoi.help","Практикалык колдонмо: дордой аялдар кийими дүңүнөн. Каталог, категориялар, байер, карго жана контактка коопсуз доступ.","Дордой аялдар кийими дүңүнөн","present","true","true","false",""
"/kg/blog/erkekter-kiyimi-dununon-dordoi","kg","blog_guide","app/[locale]/blog/[slug]/page.tsx","200","true","https://dordoi.help/kg/blog/erkekter-kiyimi-dununon-dordoi","true","ky","Дордой эркектер кийими дүңүнөн | Dordoi.help колдонмосу | Dordoi.help","Практикалык колдонмо: дордой эркектер кийими дүңүнөн. Каталог, категориялар, байер, карго жана контактка коопсуз доступ.","Дордой эркектер кийими дүңүнөн","present","true","true","false",""
"/kg/blog/baldar-kiyimi-dununon-dordoi","kg","blog_guide","app/[locale]/blog/[slug]/page.tsx","200","true","https://dordoi.help/kg/blog/baldar-kiyimi-dununon-dordoi","true","ky","Дордой балдар кийими дүңүнөн | Dordoi.help колдонмосу | Dordoi.help","Практикалык колдонмо: дордой балдар кийими дүңүнөн. Каталог, категориялар, байер, карго жана контактка коопсуз доступ.","Дордой балдар кийими дүңүнөн","present","true","true","false",""
"/kg/blog/but-kiyim-dununon-dordoi","kg","blog_guide","app/[locale]/blog/[slug]/page.tsx","200","true","https://dordoi.help/kg/blog/but-kiyim-dununon-dordoi","true","ky","Дордой бут кийим дүңүнөн | Dordoi.help колдонмосу | Dordoi.help","Практикалык колдонмо: дордой бут кийим дүңүнөн. Каталог, категориялар, байер, карго жана контактка коопсуз доступ.","Дордой бут кийим дүңүнөн","present","true","true","false",""
"/kg/blog/sumkalar-dununon-dordoi","kg","blog_guide","app/[locale]/blog/[slug]/page.tsx","200","true","https://dordoi.help/kg/blog/sumkalar-dununon-dordoi","true","ky","Дордой сумкалар дүңүнөн | Dordoi.help колдонмосу | Dordoi.help","Практикалык колдонмо: дордой сумкалар дүңүнөн. Каталог, категориялар, байер, карго жана контактка коопсуз доступ.","Дордой сумкалар дүңүнөн","present","true","true","false",""
"/kg/blog/kezdeme-furnitura-dordoi","kg","blog_guide","app/[locale]/blog/[slug]/page.tsx","200","true","https://dordoi.help/kg/blog/kezdeme-furnitura-dordoi","true","ky","Дордой кездеме жана фурнитура | Dordoi.help колдонмосу | Dordoi.help","Практикалык колдонмо: дордой кездеме жана фурнитура. Каталог, категориялар, байер, карго жана контактка коопсуз доступ.","Дордой кездеме жана фурнитура","present","true","true","false",""
"/kg/blog/dordoi-dununon-toluk-koldonmo","kg","blog_guide","app/[locale]/blog/[slug]/page.tsx","200","true","https://dordoi.help/kg/blog/dordoi-dununon-toluk-koldonmo","true","ky","Дордой дүңүнөн толук колдонмо | Dordoi.help колдонмосу | Dordoi.help","Практикалык колдонмо: дордой дүңүнөн толук колдонмо. Каталог, категориялар, байер, карго жана контактка коопсуз доступ.","Дордой дүңүнөн толук колдонмо","present","true","true","false",""
"/kg/blog/dordoi-onlain-katalog-kantip-koldonuu","kg","blog_guide","app/[locale]/blog/[slug]/page.tsx","200","true","https://dordoi.help/kg/blog/dordoi-onlain-katalog-kantip-koldonuu","true","ky","Дордой онлайн каталогун кантип колдонуу керек | Dordoi.help колдонмосу | Dordoi.help","Практикалык колдонмо: дордой онлайн каталогун кантип колдонуу керек. Каталог, категориялар, байер, карго жана контактка коопсуз доступ.","Дордой онлайн каталогун кантип колдонуу керек","present","true","true","false",""
"/kg/blog/dordoi-baalary-prais-kantip-taktoo","kg","blog_guide","app/[locale]/blog/[slug]/page.tsx","200","true","https://dordoi.help/kg/blog/dordoi-baalary-prais-kantip-taktoo","true","ky","Дордой баалары жана прайс-листтерин кантип тактоо керек | Dordoi.help колдонмосу | Dordoi.help","Практикалык колдонмо: дордой баалары жана прайс-листтерин кантип тактоо керек. Каталог, категориялар, байер, карго жана контактка коопсуз доступ.","Дордой баалары жана прайс-листтерин кантип тактоо керек","present","true","true","false",""
"/kg/blog/dordoi-zhetkiruuchu-kontaktaryn-koopsuz-achuu","kg","blog_guide","app/[locale]/blog/[slug]/page.tsx","200","true","https://dordoi.help/kg/blog/dordoi-zhetkiruuchu-kontaktaryn-koopsuz-achuu","true","ky","Дордой жеткирүүчүлөрүнүн контакттарын коопсуз ачуу | Dordoi.help колдонмосу | Dordoi.help","Практикалык колдонмо: дордой жеткирүүчүлөрүнүн контакттарын коопсуз ачуу. Каталог, категориялар, байер, карго жана контактка коопсуз доступ.","Дордой жеткирүүчүлөрүнүн контакттарын коопсуз ачуу","present","true","true","false",""
"/kg/blog/trikotazh-dununon-dordoi","kg","blog_guide","app/[locale]/blog/[slug]/page.tsx","200","true","https://dordoi.help/kg/blog/trikotazh-dununon-dordoi","true","ky","Дордой трикотаж дүңүнөн | Dordoi.help колдонмосу | Dordoi.help","Практикалык колдонмо: дордой трикотаж дүңүнөн. Каталог, категориялар, байер, карго жана контактка коопсуз доступ.","Дордой трикотаж дүңүнөн","present","true","true","false",""
"/kg/blog/ich-kiyim-korset-dununon-dordoi","kg","blog_guide","app/[locale]/blog/[slug]/page.tsx","200","true","https://dordoi.help/kg/blog/ich-kiyim-korset-dununon-dordoi","true","ky","Дордой ич кийим жана корсет дүңүнөн | Dordoi.help колдонмосу | Dordoi.help","Практикалык колдонмо: дордой ич кийим жана корсет дүңүнөн. Каталог, категориялар, байер, карго жана контактка коопсуз доступ.","Дордой ич кийим жана корсет дүңүнөн","present","true","true","false",""
"/kg/blog/kyrgyzstan-toshok-zhabdyk-dununon","kg","blog_guide","app/[locale]/blog/[slug]/page.tsx","200","true","https://dordoi.help/kg/blog/kyrgyzstan-toshok-zhabdyk-dununon","true","ky","Кыргызстан төшөк жабдык дүңүнөн | Dordoi.help колдонмосу | Dordoi.help","Практикалык колдонмо: кыргызстан төшөк жабдык дүңүнөн. Каталог, категориялар, байер, карго жана контактка коопсуз доступ.","Кыргызстан төшөк жабдык дүңүнөн","present","true","true","false",""
"/kg/blog/wildberries-uchun-bishkek-zhetkiruuchuloru","kg","blog_guide","app/[locale]/blog/[slug]/page.tsx","200","true","https://dordoi.help/kg/blog/wildberries-uchun-bishkek-zhetkiruuchuloru","true","ky","Wildberries үчүн Бишкек жеткирүүчүлөрү | Dordoi.help колдонмосу | Dordoi.help","Практикалык колдонмо: wildberries үчүн бишкек жеткирүүчүлөрү. Каталог, категориялар, байер, карго жана контактка коопсуз доступ.","Wildberries үчүн Бишкек жеткирүүчүлөрү","present","true","true","false",""
"/kg/blog/kyrgyzstan-marketpleis-tovarlary-dununon","kg","blog_guide","app/[locale]/blog/[slug]/page.tsx","200","true","https://dordoi.help/kg/blog/kyrgyzstan-marketpleis-tovarlary-dununon","true","ky","Кыргызстан маркетплейстерине товарлар дүңүнөн | Dordoi.help колдонмосу | Dordoi.help","Практикалык колдонмо: кыргызстан маркетплейстерине товарлар дүңүнөн. Каталог, категориялар, байер, карго жана контактка коопсуз доступ.","Кыргызстан маркетплейстерине товарлар дүңүнөн","present","true","true","false",""
"/kg/blog/bishkek-tiguu-tsehtary-kiyim-ondurush","kg","blog_guide","app/[locale]/blog/[slug]/page.tsx","200","true","https://dordoi.help/kg/blog/bishkek-tiguu-tsehtary-kiyim-ondurush","true","ky","Бишкек тигүү цехтары жана кийим өндүрүш | Dordoi.help колдонмосу | Dordoi.help","Практикалык колдонмо: бишкек тигүү цехтары жана кийим өндүрүш. Каталог, категориялар, байер, карго жана контактка коопсуз доступ.","Бишкек тигүү цехтары жана кийим өндүрүш","present","true","true","false",""
"/kg/blog/bishkek-dayar-kiyim-tigu","kg","blog_guide","app/[locale]/blog/[slug]/page.tsx","200","true","https://dordoi.help/kg/blog/bishkek-dayar-kiyim-tigu","true","ky","Бишкек даяр кийим тигүү | Dordoi.help колдонмосу | Dordoi.help","Практикалык колдонмо: бишкек даяр кийим тигүү. Каталог, категориялар, байер, карго жана контактка коопсуз доступ.","Бишкек даяр кийим тигүү","present","true","true","false",""
"/kg/blog/bishkek-optom-bazarlary-zhetkiruuchu-izdoo","kg","blog_guide","app/[locale]/blog/[slug]/page.tsx","200","true","https://dordoi.help/kg/blog/bishkek-optom-bazarlary-zhetkiruuchu-izdoo","true","ky","Бишкек оптом базарлары жана жеткирүүчүнү кайдан издөө | Dordoi.help колдонмосу | Dordoi.help","Практикалык колдонмо: бишкек оптом базарлары жана жеткирүүчүнү кайдан издөө. Каталог, категориялар, байер, карго жана контактка коопсуз доступ.","Бишкек оптом базарлары жана жеткирүүчүнү кайдан издөө","present","true","true","false",""
"/kg/blog/bishkek-zhetkiruuchuloru-optom-sherik-tabuu","kg","blog_guide","app/[locale]/blog/[slug]/page.tsx","200","true","https://dordoi.help/kg/blog/bishkek-zhetkiruuchuloru-optom-sherik-tabuu","true","ky","Бишкек жеткирүүчүлөрү: оптом шерикти кантип табуу | Dordoi.help колдонмосу | Dordoi.help","Практикалык колдонмо: бишкек жеткирүүчүлөрү: оптом шерикти кантип табуу. Каталог, категориялар, байер, карго жана контактка коопсуз доступ.","Бишкек жеткирүүчүлөрү: оптом шерикти кантип табуу","present","true","true","false",""
"/kg/blog/dordoi-bishkek-zhetkiruuchulor-katalog-kategoriyalar","kg","blog_guide","app/[locale]/blog/[slug]/page.tsx","200","true","https://dordoi.help/kg/blog/dordoi-bishkek-zhetkiruuchulor-katalog-kategoriyalar","true","ky","Дордой Бишкек: жеткирүүчүлөр, каталог жана категориялар | Dordoi.help колдонмосу | Dordoi.help","Практикалык колдонмо: дордой бишкек: жеткирүүчүлөр, каталог жана категориялар. Каталог, категориялар, байер, карго жана контактка коопсуз доступ.","Дордой Бишкек: жеткирүүчүлөр, каталог жана категориялар","present","true","true","false",""
"/kg/blog/bishkek-optom-bazarlary-dordoi-madina-alamedin","kg","blog_guide","app/[locale]/blog/[slug]/page.tsx","200","true","https://dordoi.help/kg/blog/bishkek-optom-bazarlary-dordoi-madina-alamedin","true","ky","Бишкектин оптом базарлары: Дордой, Мадина, Аламедин | Dordoi.help колдонмосу | Dordoi.help","Практикалык колдонмо: бишкектин оптом базарлары: дордой, мадина, аламедин. Каталог, категориялар, байер, карго жана контактка коопсуз доступ.","Бишкектин оптом базарлары: Дордой, Мадина, Аламедин","present","true","true","false",""
"/kg/blog/bishkek-kiyim-optom-dordoi-zhetkiruuchulor","kg","blog_guide","app/[locale]/blog/[slug]/page.tsx","200","true","https://dordoi.help/kg/blog/bishkek-kiyim-optom-dordoi-zhetkiruuchulor","true","ky","Бишкек кийим оптом: Дордой жеткирүүчүлөрү | Dordoi.help колдонмосу | Dordoi.help","Практикалык колдонмо: бишкек кийим оптом: дордой жеткирүүчүлөрү. Каталог, категориялар, байер, карго жана контактка коопсуз доступ.","Бишкек кийим оптом: Дордой жеткирүүчүлөрү","present","true","true","false",""
"/kg/blog/bishkek-tovarlar-optom-dukon-marketpleis","kg","blog_guide","app/[locale]/blog/[slug]/page.tsx","200","true","https://dordoi.help/kg/blog/bishkek-tovarlar-optom-dukon-marketpleis","true","ky","Бишкек товарлар оптом: дүкөн жана маркетплейс үчүн | Dordoi.help колдонмосу | Dordoi.help","Практикалык колдонмо: бишкек товарлар оптом: дүкөн жана маркетплейс үчүн. Каталог, категориялар, байер, карго жана контактка коопсуз доступ.","Бишкек товарлар оптом: дүкөн жана маркетплейс үчүн","present","true","true","false",""
"/kg/blog/bishkek-zhetkiruuchulor-katalogu-kantip-koldonuu","kg","blog_guide","app/[locale]/blog/[slug]/page.tsx","200","true","https://dordoi.help/kg/blog/bishkek-zhetkiruuchulor-katalogu-kantip-koldonuu","true","ky","Бишкек жеткирүүчүлөр каталогун кантип колдонуу | Dordoi.help колдонмосу | Dordoi.help","Практикалык колдонмо: бишкек жеткирүүчүлөр каталогун кантип колдонуу. Каталог, категориялар, байер, карго жана контактка коопсуз доступ.","Бишкек жеткирүүчүлөр каталогун кантип колдонуу","present","true","true","false",""
"/kg/blog/bishkekte-optom-satyp-aluu-uchun-bazar-tandoo","kg","blog_guide","app/[locale]/blog/[slug]/page.tsx","200","true","https://dordoi.help/kg/blog/bishkekte-optom-satyp-aluu-uchun-bazar-tandoo","true","ky","Бишкекте оптом сатып алуу үчүн базарды кантип тандоо | Dordoi.help колдонмосу | Dordoi.help","Практикалык колдонмо: бишкекте оптом сатып алуу үчүн базарды кантип тандоо. Каталог, категориялар, байер, карго жана контактка коопсуз доступ.","Бишкекте оптом сатып алуу үчүн базарды кантип тандоо","present","true","true","false",""
"/kg/catalog/postavshik-zhenskoy-odezhdy-a9e9","kg","vendor_sample_locked","app/[locale]/catalog/[slug]/page.tsx","200","true","https://dordoi.help/kg/suppliers/asso-corsets","true","ky","Дордой базарында аялдар кийими жеткирүүчүсү | Dordoi.help","Дордой базарында аялдар кийими жеткирүүчүсү. Сүрөттөмө, категориялар жана шарттар. Байланыш Dordoi.help аркылуу.","Дордой базарында аялдар кийими жеткирүүчүсү","present","false","true","true",""
"/kg/suppliers/asso-corsets","kg","vendor_sample_locked","app/[locale]/suppliers/[seoSlug]/page.tsx","200","true","https://dordoi.help/kg/suppliers/asso-corsets","true","ky","Дордой базарында аялдар кийими жеткирүүчүсү | Dordoi.help","Дордой базарында аялдар кийими жеткирүүчүсү. Сүрөттөмө, категориялар жана шарттар. Байланыш Dordoi.help аркылуу.","Дордой базарында аялдар кийими жеткирүүчүсү","present","false","true","true",""
"/uz","uz","core","app/[locale]/page.tsx","200","true","https://dordoi.help/uz","true","uz","Dordoi.help — Dordoy bozori uchun ulgurji platforma | Dordoi.help","Tovarlar, yetkazib beruvchilar va buyerlar bir joyda. MDH B2B vositasi.","Dordoy bozorining yetkazib beruvchilari, buyerlari va kargosi bitta katalogda","present","true","true","true",""
"/uz/catalog","uz","core","app/[locale]/catalog/page.tsx","200","true","https://dordoi.help/uz/catalog","true","uz","Dordoy yetkazib beruvchilar katalogi — ulgurji sotuvchilar, filtrlar va qidiruv | Dordoi.help","Dordoy bozori yetkazib beruvchilar katalogi: ulgurji kiyim, poyabzal, sumka va to‘qimachilik sotuvchilari. Bishkekdan tovar xarid qilish uchun yetkazib beruvchi, buyer yoki kargo toping.","Dordoy bozori ulgurji yetkazib beruvchilar katalogi","present","true","true","false",""
"/uz/sell","uz","core","app/[locale]/sell/page.tsx","200","true","https://dordoi.help/uz/sell","true","uz","Optom sotish — Dordoi.help | Dordoi.help","Dordoy bozoridan ulgurji savdo: vitrina, arizalar va xaridor kontaktlari qatorlarni kezmasdan.","Optom sotish","present","true","true","true",""
"/uz/suppliers","uz","core","app/[locale]/suppliers/page.tsx","200","true","https://dordoi.help/uz/suppliers","true","uz","Dordoy yetkazib beruvchilari — bozor ulgurji sotuvchilari | Dordoi.help","Dordoy bozori yetkazib beruvchilarini toping: ulgurji kiyim, poyabzal, sumka va to‘qimachilik. Katalog xaridorlarga yetkazib beruvchi, buyer yoki kargo topishga yordam beradi.","Dordoy bozori yetkazib beruvchilari — ulgurji sotuvchilar va kontaktlar","present","true","true","true",""
"/uz/buyers","uz","core","app/[locale]/buyers/page.tsx","200","true","https://dordoi.help/uz/buyers","true","uz","Dordoyda buyerni topish — Dordoi.help | Dordoi.help","Dordoy buyerlari: sotib olish, sifat tekshirish va partiya yig‘ish — ortiqcha sayohatsiz.","Buyerni topish","present","true","true","true",""
"/uz/buyer-service","uz","core","app/[locale]/buyer-service/page.tsx","200","true","https://dordoi.help/uz/buyer-service","true","uz","Buyerlarga — Dordoi.help | Dordoi.help","Tovar tanlash, sifat tekshirish va buyurtmalarni yig‘ish.","Buyerlarga","present","true","true","true",""
"/uz/about","uz","core","app/[locale]/about/page.tsx","200","true","https://dordoi.help/uz/about","true","uz","Dordoi.help - Dordoy yetkazib beruvchilari, Xaridor-agent va Dordoy kargo | Dordoi.help","Dordoi.help dordoy bozori bo&#x27;yicha yetkazib beruvchilar, toifalar, xaridor-agentlar va kargo yo&#x27;nalishlarini topishga yordam beradi.","Dordoi.help - Dordoy bozori bo&#x27;yicha katalog va qo&#x27;llanma","present","true","true","true",""
"/uz/how-it-works","uz","core","app/[locale]/how-it-works/page.tsx","200","true","https://dordoi.help/uz/how-it-works","true","uz","Dordoi.help qanday ishlaydi - Yetkazib beruvchilar katalogi, Xaridor-agent, Dordoy kargo | Dordoi.help","Yetkazib beruvchilar katalogi orqali toifa tanlash, yetkazib beruvchini solishtirish, kontaktga kirish, xaridor-agent yoki kargo ishlatish qadamlari.","Dordoi.help qanday ishlaydi","present","true","true","true",""
"/uz/for-buyers","uz","core","app/[locale]/for-buyers/page.tsx","200","true","https://dordoi.help/uz/for-buyers","true","uz","Dordoy bozori: xaridorlar uchun yetkazib beruvchilar, agent va kargo | Dordoi.help","Xaridorlarga: Dordoi.help orqali yetkazib beruvchilarni topish, kontaktga kirish, xaridor-agent va kargo ssenariylari.","Dordoy bozori xaridorlari uchun Dordoi.help","present","true","true","true",""
"/uz/for-sellers","uz","core","app/[locale]/for-sellers/page.tsx","200","true","https://dordoi.help/uz/for-sellers","true","uz","Sotuvchilarga: Dordoi.help katalogida yetkazib beruvchi kartasi | Dordoi.help","Sotuvchilarga: karta, toifa, ochiq tavsif va contact privacy qoidalari.","Sotuvchilarga: Dordoi.help katalogida ko&#x27;rinish","present","true","true","true",""
"/uz/help","uz","core","app/[locale]/help/page.tsx","200","true","https://dordoi.help/uz/help","true","uz","Yordam — Dordoi.help | Dordoi.help","Dordoi.help dan foydalanish.","Yordam","present","true","true","true",""
"/uz/faq","uz","core","app/[locale]/faq/page.tsx","200","true","https://dordoi.help/uz/faq","true","uz","Dordoi.help FAQ - Dordoy yetkazib beruvchilari, Xaridor-agent, Dordoy kargo | Dordoi.help","Dordoi.help bo&#x27;yicha savollar: yetkazib beruvchilar, kontaktga kirish, xaridor-agent, kargo va mamlakatlar bo&#x27;yicha xarid.","Dordoi.help FAQ","present","true","true","true",""
"/uz/dordoi-kazakhstan","uz","core","app/[locale]/dordoi-kazakhstan/page.tsx","200","true","https://dordoi.help/uz/dordoi-kazakhstan","true","uz","Dordoy Qozog&#x27;iston uchun: Dordoy yetkazib beruvchilari, Xaridor-agent va Dordoy kargo | Dordoi.help","Qozog&#x27;iston xaridorlari uchun Dordoy bozoridan yetkazib beruvchilar, toifalar, xaridor-agent va yetkazish ssenariysi.","Dordoy Qozog&#x27;iston xaridorlari uchun","present","true","true","true",""
"/uz/dordoi-uzbekistan","uz","core","app/[locale]/dordoi-uzbekistan/page.tsx","200","true","https://dordoi.help/uz/dordoi-uzbekistan","true","uz","Dordoy O&#x27;zbekiston uchun: Dordoy yetkazib beruvchilari, Xaridor-agent va Dordoy kargo | Dordoi.help","O&#x27;zbekiston xaridorlari uchun Dordoy bozoridan yetkazib beruvchilar, toifalar, xaridor-agent va yetkazish ssenariysi.","Dordoy O&#x27;zbekiston xaridorlari uchun","present","true","true","true",""
"/uz/dordoi-tajikistan","uz","core","app/[locale]/dordoi-tajikistan/page.tsx","200","true","https://dordoi.help/uz/dordoi-tajikistan","true","uz","Dordoy Tojikiston uchun: Dordoy yetkazib beruvchilari, Xaridor-agent va Dordoy kargo | Dordoi.help","Tojikiston xaridorlari uchun Dordoy bozoridan yetkazib beruvchilar, toifalar, xaridor-agent va yetkazish ssenariysi.","Dordoy Tojikiston xaridorlari uchun","present","true","true","true",""
"/uz/dordoi-russia","uz","core","app/[locale]/dordoi-russia/page.tsx","200","true","https://dordoi.help/uz/dordoi-russia","true","uz","Dordoy Rossiya uchun: Dordoy yetkazib beruvchilari, Xaridor-agent va Dordoy kargo | Dordoi.help","Rossiya xaridorlari uchun Dordoy bozoridan yetkazib beruvchilar, toifalar, xaridor-agent va yetkazish ssenariysi.","Dordoy Rossiya xaridorlari uchun","present","true","true","true",""
"/uz/dordoi-kyrgyzstan","uz","core","app/[locale]/dordoi-kyrgyzstan/page.tsx","200","true","https://dordoi.help/uz/dordoi-kyrgyzstan","true","uz","Dordoy Qirg&#x27;iziston uchun: Dordoy yetkazib beruvchilari, Xaridor-agent va Dordoy kargo | Dordoi.help","Qirg&#x27;iziston xaridorlari uchun Dordoy bozoridan yetkazib beruvchilar, toifalar, xaridor-agent va yetkazish ssenariysi.","Dordoy Qirg&#x27;iziston xaridorlari uchun","present","true","true","true",""
"/uz/contact","uz","core","app/[locale]/contact/page.tsx","200","true","https://dordoi.help/uz/contact","true","uz","Aloqa — Dordoi.help | Dordoi.help","Dordoi.help jamoasi bilan bog‘laning.","Aloqa","present","true","true","true",""
"/uz/privacy","uz","core","app/[locale]/privacy/page.tsx","200","true","https://dordoi.help/uz/privacy","true","uz","Maxfiylik siyosati — Dordoi.help | Dordoi.help","Ma’lumotlarni qayta ishlash.","Maxfiylik","present","true","true","true",""
"/uz/terms","uz","core","app/[locale]/terms/page.tsx","200","true","https://dordoi.help/uz/terms","true","uz","Foydalanish shartlari — Dordoi.help | Dordoi.help","Xizmat qoidalari.","Shartlar","present","true","true","true",""
"/uz/refund","uz","core","app/[locale]/refund/page.tsx","200","true","https://dordoi.help/uz/refund","true","uz","Qaytarish siyosati — Dordoi.help | Dordoi.help","Qaytarishlar haqida ma’lumot.","Qaytarishlar","present","true","true","true",""
"/uz/kargo-dordoi","uz","core","app/[locale]/kargo-dordoi/page.tsx","200","true","https://dordoi.help/uz/kargo-dordoi","true","uz","Dordoy kargo — bozordan tovar yetkazib berish | Dordoi.help","Dordoy kargo va Bishkekdan yetkazib berish. Dordoi.help orqali xaridor va logistikani qanday topish mumkin.","Dordoy kargo: Bishkekdan tovar yetkazib berish","present","true","true","true",""
"/uz/dordoi-optom","uz","core","app/[locale]/dordoi-optom/page.tsx","200","true","https://dordoi.help/uz/dordoi-optom","true","uz","Dordoy ulgurji — tovarlar, yetkazib beruvchilar va xarid | Dordoi.help","Dordoy ulgurji: tovar toifalari, yetkazib beruvchilar va Dordoi.help orqali xarid.","Dordoy ulgurji: tovarlar, yetkazib beruvchilar va katalog orqali xarid","present","true","true","true",""
"/uz/rynok-bishkek","uz","core","app/[locale]/rynok-bishkek/page.tsx","200","true","https://dordoi.help/uz/rynok-bishkek","true","uz","Bishkek bozori - ulgurji bozorlar, yetkazib beruvchilar va Dordoy | Dordoi.help","Ulgurji xaridorlar uchun Bishkek bozorlari bo&#x27;yicha qo&#x27;llanma: yetkazib beruvchilarni qayerdan izlash, qachon Dordoyni tanlash va Dordoi.help katalogidan foydalanish.","Bishkek bozori: yetkazib beruvchilar va ulgurji tovarlarni qayerdan izlash","present","true","true","true",""
"/uz/rynok-dordoi","uz","core","app/[locale]/rynok-dordoi/page.tsx","200","true","https://dordoi.help/uz/rynok-dordoi","true","uz","Dordoy bozori Bishkek — yetkazib beruvchilar, ulgurji va sotuvchilar katalogi | Dordoi.help","Bishkekdagi Dordoy bozori haqida: yetkazib beruvchilar, ulgurji toifalar, xaridorlar va Dordoi.help katalogi.","Bishkekdagi Dordoy bozori: yetkazib beruvchilar, ulgurji va sotuvchilar katalogi","present","true","true","true",""
"/uz/categories/ayollar-kiyimi-ulgurji","uz","category","app/[locale]/categories/[categorySlug]/page.tsx","200","true","https://dordoi.help/uz/categories/ayollar-kiyimi-ulgurji","true","uz","Ayollar kiyimi ulgurji Dordoy — yetkazib beruvchilar va sotuvchilar | Dordoi.help","Dordoy bozoridagi ayollar kiyimi yetkazib beruvchilari: ulgurji sotuvchilar va savdo nuqtalari. Dordoi.help katalogi orqali yetkazib beruvchini toping.","Dordoy bozorida ayollar kiyimi ulgurji","present","true","true","true",""
"/uz/categories/erkaklar-kiyimi-ulgurji","uz","category","app/[locale]/categories/[categorySlug]/page.tsx","200","true","https://dordoi.help/uz/categories/erkaklar-kiyimi-ulgurji","true","uz","Erkaklar kiyimi ulgurji Dordoy — bozor yetkazib beruvchilari | Dordoi.help","Dordoy bozoridagi erkaklar kiyimi yetkazib beruvchilari: ulgurji sotuvchilar va do&#x27;konlar.","Dordoy bozorida erkaklar kiyimi ulgurji","present","true","true","true",""
"/uz/categories/bolalar-kiyimi-ulgurji","uz","category","app/[locale]/categories/[categorySlug]/page.tsx","200","true","https://dordoi.help/uz/categories/bolalar-kiyimi-ulgurji","true","uz","Bolalar kiyimi ulgurji Dordoy — yetkazib beruvchilar va sotuvchilar | Dordoi.help","Dordoy bozoridagi bolalar kiyimi yetkazib beruvchilari.","Dordoy bozorida bolalar kiyimi ulgurji","present","true","true","true",""
"/uz/categories/ichki-kiyim-kupalnik-ulgurji","uz","category","app/[locale]/categories/[categorySlug]/page.tsx","200","true","https://dordoi.help/uz/categories/ichki-kiyim-kupalnik-ulgurji","true","uz","Ichki kiyim va kupalnik ulgurji Dordoy — yetkazib beruvchilar | Dordoi.help","Dordoy bozoridagi ichki kiyim va kupalnik yetkazib beruvchilari.","Dordoy bozorida ichki kiyim va kupalnik ulgurji","present","true","true","true",""
"/uz/categories/poyabzal-ulgurji","uz","category","app/[locale]/categories/[categorySlug]/page.tsx","200","true","https://dordoi.help/uz/categories/poyabzal-ulgurji","true","uz","Poyabzal ulgurji Dordoy — poyabzal yetkazib beruvchilari | Dordoi.help","Dordoy bozoridagi poyabzal yetkazib beruvchilari.","Dordoy bozorida poyabzal ulgurji","present","true","true","true",""
"/uz/categories/sumka-charm-ulgurji","uz","category","app/[locale]/categories/[categorySlug]/page.tsx","200","true","https://dordoi.help/uz/categories/sumka-charm-ulgurji","true","uz","Sumka ulgurji Dordoy — sumka yetkazib beruvchilari | Dordoi.help","Dordoy bozoridagi sumka va charm buyumlari yetkazib beruvchilari.","Dordoy bozorida sumka va charm buyumlari ulgurji","present","true","true","true",""
"/uz/categories/aksessuar-ulgurji","uz","category","app/[locale]/categories/[categorySlug]/page.tsx","200","true","https://dordoi.help/uz/categories/aksessuar-ulgurji","true","uz","Aksessuarlar ulgurji Dordoy — bozor yetkazib beruvchilari | Dordoi.help","Dordoy bozoridagi aksessuarlar yetkazib beruvchilari.","Dordoy bozorida aksessuarlar ulgurji","present","true","true","false",""
"/uz/categories/mato-tikuv-furnitura-ulgurji","uz","category","app/[locale]/categories/[categorySlug]/page.tsx","200","true","https://dordoi.help/uz/categories/mato-tikuv-furnitura-ulgurji","true","uz","Mato ulgurji Dordoy — mato yetkazib beruvchilari | Dordoi.help","Dordoy bozoridagi mato va tikuv furniturasi yetkazib beruvchilari.","Dordoy bozorida mato va tikuv furniturasi ulgurji","present","true","true","true",""
"/uz/categories/uy-tekstili-ulgurji","uz","category","app/[locale]/categories/[categorySlug]/page.tsx","200","true","https://dordoi.help/uz/categories/uy-tekstili-ulgurji","true","uz","Uy tekstili ulgurji Dordoy — yetkazib beruvchilar | Dordoi.help","Dordoy bozoridagi uy tekstili yetkazib beruvchilari.","Dordoy bozorida uy tekstili ulgurji","present","true","true","false",""
"/uz/categories/kosmetika-parfyumeriya-ulgurji","uz","category","app/[locale]/categories/[categorySlug]/page.tsx","200","true","https://dordoi.help/uz/categories/kosmetika-parfyumeriya-ulgurji","true","uz","Kosmetika ulgurji Dordoy — yetkazib beruvchilar | Dordoi.help","Dordoy bozoridagi kosmetika va parfyumeriya yetkazib beruvchilari.","Dordoy bozorida kosmetika va parfyumeriya ulgurji","present","true","true","true",""
"/uz/categories/oyinchoq-bolalar-ulgurji","uz","category","app/[locale]/categories/[categorySlug]/page.tsx","200","true","https://dordoi.help/uz/categories/oyinchoq-bolalar-ulgurji","true","uz","O&#x27;yinchoqlar ulgurji Dordoy — yetkazib beruvchilar | Dordoi.help","Dordoy bozoridagi o&#x27;yinchoqlar va bolalar tovarlari yetkazib beruvchilari.","Dordoy bozorida o&#x27;yinchoqlar va bolalar tovarlari ulgurji","present","true","true","false",""
"/uz/categories/elektronika-mobil-aksessuar-ulgurji","uz","category","app/[locale]/categories/[categorySlug]/page.tsx","200","true","https://dordoi.help/uz/categories/elektronika-mobil-aksessuar-ulgurji","true","uz","Elektronika ulgurji Dordoy — yetkazib beruvchilar | Dordoi.help","Dordoy bozoridagi elektronika va mobil aksessuarlar yetkazib beruvchilari.","Dordoy bozorida elektronika va mobil aksessuarlar ulgurji","present","true","true","true",""
"/uz/categories/qadoqlash-savdo-jihozlari","uz","category","app/[locale]/categories/[categorySlug]/page.tsx","200","true","https://dordoi.help/uz/categories/qadoqlash-savdo-jihozlari","true","uz","Qadoqlash va savdo jihozlari Dordoy — yetkazib beruvchilar | Dordoi.help","Dordoy bozoridagi qadoqlash va savdo jihozlari yetkazib beruvchilari.","Dordoy sotuvchilari uchun qadoqlash va savdo jihozlari","present","true","true","false",""
"/uz/categories/uy-tovar-xo-jihozlari-ulgurji","uz","category","app/[locale]/categories/[categorySlug]/page.tsx","200","true","https://dordoi.help/uz/categories/uy-tovar-xo-jihozlari-ulgurji","true","uz","Uy tovarlari ulgurji Dordoy — yetkazib beruvchilar | Dordoi.help","Dordoy bozoridagi uy tovarlari va xo&#x27;jalik tovarlari yetkazib beruvchilari.","Dordoy bozorida uy tovarlari va xo&#x27;jalik tovarlari ulgurji","present","true","true","false",""
"/uz/categories/avtotovar-aksessuar-ulgurji","uz","category","app/[locale]/categories/[categorySlug]/page.tsx","200","true","https://dordoi.help/uz/categories/avtotovar-aksessuar-ulgurji","true","uz","Avtotovarlar ulgurji Dordoy — yetkazib beruvchilar | Dordoi.help","Dordoy bozoridagi avtotovarlar va aksessuarlar yetkazib beruvchilari.","Dordoy bozorida avtotovarlar va aksessuarlar ulgurji","present","true","true","false",""
"/uz/categories/sport-turizm-dam-olish-ulgurji","uz","category","app/[locale]/categories/[categorySlug]/page.tsx","200","true","https://dordoi.help/uz/categories/sport-turizm-dam-olish-ulgurji","true","uz","Sport va turizm ulgurji Dordoy — yetkazib beruvchilar | Dordoi.help","Dordoy bozoridagi sport, turizm va dam olish tovarlari yetkazib beruvchilari.","Dordoy bozorida sport, turizm va dam olish tovarlari ulgurji","present","true","true","true",""
"/uz/blog","uz","blog_hub","app/[locale]/blog/page.tsx","200","true","https://dordoi.help/uz/blog","true","uz","Blog Dordoi.help - Dordoy yetkazib beruvchilari, Yetkazib beruvchilar katalogi, Dordoy kargo | Dordoi.help","Dordoy bozori: amaliy qo&#x27;llanmalar, yetkazib beruvchilarni qidirish, ulgurji xarid, xaridor-agent va kargo.","Blog Dordoi.help","present","true","true","true",""
"/uz/blog/dordoy-yetkazib-beruvchini-qanday-topish","uz","blog_guide","app/[locale]/blog/[slug]/page.tsx","200","true","https://dordoi.help/uz/blog/dordoy-yetkazib-beruvchini-qanday-topish","true","uz","Dordoy bozori: yetkazib beruvchini qanday topish kerak | Dordoi.help","Dordoi.help orqali toifa tanlash, yetkazib beruvchilarni solishtirish, kontaktga kirish va xavfsiz birinchi tekshiruv.","Dordoy bozori yetkazib beruvchisini qanday topish kerak","present","true","true","true",""
"/uz/blog/dordoy-kargo-qanday-ishlaydi","uz","blog_guide","app/[locale]/blog/[slug]/page.tsx","200","true","https://dordoi.help/uz/blog/dordoy-kargo-qanday-ishlaydi","true","uz","Dordoy kargo: Dordoydan yetkazish qanday ishlaydi | Dordoi.help","Dordoydan yetkazishga tayyorgarlik: yetkazib beruvchi, xaridor-agent, partiyani tekshirish, kargo yo&#x27;nalishi va xavfsiz kelishuv.","Dordoy kargo: yetkazish qanday ishlaydi","present","true","true","true",""
"/uz/blog/dordoy-ulgurji-qanday-xarid-qilish","uz","blog_guide","app/[locale]/blog/[slug]/page.tsx","200","true","https://dordoi.help/uz/blog/dordoy-ulgurji-qanday-xarid-qilish","true","uz","Dordoy bozori: ulgurji qanday xarid qilish kerak | Dordoi.help","Dordoydan ulgurji xarid: toifa, yetkazib beruvchi, partiya, xaridor-agent, tekshiruv va yetkazish qadamlari.","Dordoy bozori ulgurji qanday xarid qilish kerak","present","true","true","true",""
"/uz/blog/dordoy-yetkazib-beruvchini-qanday-tekshirish","uz","blog_guide","app/[locale]/blog/[slug]/page.tsx","200","true","https://dordoi.help/uz/blog/dordoy-yetkazib-beruvchini-qanday-tekshirish","true","uz","Dordoy yetkazib beruvchisini qanday tekshirish kerak | Dordoi.help qo&#x27;llanmasi | Dordoi.help","Amaliy qo&#x27;llanma: dordoy yetkazib beruvchisini qanday tekshirish kerak. Katalog, toifalar, bayer, kargo va kontaktlarga xavfsiz kirish.","Dordoy yetkazib beruvchisini qanday tekshirish kerak","present","true","true","true",""
"/uz/blog/dordoy-xarid-chek-royxati","uz","blog_guide","app/[locale]/blog/[slug]/page.tsx","200","true","https://dordoi.help/uz/blog/dordoy-xarid-chek-royxati","true","uz","Dordoy xaridi uchun chek-ro&#x27;yxat | Dordoi.help qo&#x27;llanmasi | Dordoi.help","Amaliy qo&#x27;llanma: dordoy xaridi uchun chek-ro&#x27;yxat. Katalog, toifalar, bayer, kargo va kontaktlarga xavfsiz kirish.","Dordoy xaridi uchun chek-ro&#x27;yxat","present","true","true","true",""
"/uz/blog/dordoy-yetkazib-beruvchilarini-solishtirish","uz","blog_guide","app/[locale]/blog/[slug]/page.tsx","200","true","https://dordoi.help/uz/blog/dordoy-yetkazib-beruvchilarini-solishtirish","true","uz","Dordoy yetkazib beruvchilarini solishtirish | Dordoi.help qo&#x27;llanmasi | Dordoi.help","Amaliy qo&#x27;llanma: dordoy yetkazib beruvchilarini solishtirish. Katalog, toifalar, bayer, kargo va kontaktlarga xavfsiz kirish.","Dordoy yetkazib beruvchilarini solishtirish","present","true","true","true",""
"/uz/blog/dordoy-yetkazib-beruvchiga-qanday-yozish","uz","blog_guide","app/[locale]/blog/[slug]/page.tsx","200","true","https://dordoi.help/uz/blog/dordoy-yetkazib-beruvchiga-qanday-yozish","true","uz","Dordoy yetkazib beruvchiga qanday yozish kerak | Dordoi.help qo&#x27;llanmasi | Dordoi.help","Amaliy qo&#x27;llanma: dordoy yetkazib beruvchiga qanday yozish kerak. Katalog, toifalar, bayer, kargo va kontaktlarga xavfsiz kirish.","Dordoy yetkazib beruvchiga qanday yozish kerak","present","true","true","true",""
"/uz/blog/dordoydan-masofadan-qanday-xarid-qilish","uz","blog_guide","app/[locale]/blog/[slug]/page.tsx","200","true","https://dordoi.help/uz/blog/dordoydan-masofadan-qanday-xarid-qilish","true","uz","Dordoydan masofadan qanday xarid qilish kerak | Dordoi.help qo&#x27;llanmasi | Dordoi.help","Amaliy qo&#x27;llanma: dordoydan masofadan qanday xarid qilish kerak. Katalog, toifalar, bayer, kargo va kontaktlarga xavfsiz kirish.","Dordoydan masofadan qanday xarid qilish kerak","present","true","true","true",""
"/uz/blog/dordoydan-qozogistonga-yetkazish","uz","blog_guide","app/[locale]/blog/[slug]/page.tsx","200","true","https://dordoi.help/uz/blog/dordoydan-qozogistonga-yetkazish","true","uz","Dordoydan Qozog&#x27;istonga yetkazish | Dordoi.help qo&#x27;llanmasi | Dordoi.help","Amaliy qo&#x27;llanma: dordoydan qozog&#x27;istonga yetkazish. Katalog, toifalar, bayer, kargo va kontaktlarga xavfsiz kirish.","Dordoydan Qozog&#x27;istonga yetkazish","present","true","true","true",""
"/uz/blog/dordoydan-ozbekistonga-yetkazish","uz","blog_guide","app/[locale]/blog/[slug]/page.tsx","200","true","https://dordoi.help/uz/blog/dordoydan-ozbekistonga-yetkazish","true","uz","Dordoydan O&#x27;zbekistonga yetkazish | Dordoi.help qo&#x27;llanmasi | Dordoi.help","Amaliy qo&#x27;llanma: dordoydan o&#x27;zbekistonga yetkazish. Katalog, toifalar, bayer, kargo va kontaktlarga xavfsiz kirish.","Dordoydan O&#x27;zbekistonga yetkazish","present","true","true","true",""
"/uz/blog/dordoydan-tojikistonga-yetkazish","uz","blog_guide","app/[locale]/blog/[slug]/page.tsx","200","true","https://dordoi.help/uz/blog/dordoydan-tojikistonga-yetkazish","true","uz","Dordoydan Tojikistonga yetkazish | Dordoi.help qo&#x27;llanmasi | Dordoi.help","Amaliy qo&#x27;llanma: dordoydan tojikistonga yetkazish. Katalog, toifalar, bayer, kargo va kontaktlarga xavfsiz kirish.","Dordoydan Tojikistonga yetkazish","present","true","true","true",""
"/uz/blog/dordoydan-rossiyaga-yetkazish","uz","blog_guide","app/[locale]/blog/[slug]/page.tsx","200","true","https://dordoi.help/uz/blog/dordoydan-rossiyaga-yetkazish","true","uz","Dordoydan Rossiyaga yetkazish | Dordoi.help qo&#x27;llanmasi | Dordoi.help","Amaliy qo&#x27;llanma: dordoydan rossiyaga yetkazish. Katalog, toifalar, bayer, kargo va kontaktlarga xavfsiz kirish.","Dordoydan Rossiyaga yetkazish","present","true","true","true",""
"/uz/blog/dordoy-kargo-qancha-vaqt-oladi","uz","blog_guide","app/[locale]/blog/[slug]/page.tsx","200","true","https://dordoi.help/uz/blog/dordoy-kargo-qancha-vaqt-oladi","true","uz","Dordoy kargo qancha vaqt oladi | Dordoi.help qo&#x27;llanmasi | Dordoi.help","Amaliy qo&#x27;llanma: dordoy kargo qancha vaqt oladi. Katalog, toifalar, bayer, kargo va kontaktlarga xavfsiz kirish.","Dordoy kargo qancha vaqt oladi","present","true","true","true",""
"/uz/blog/dordoy-bayer-kim-va-nima-uchun-kerak","uz","blog_guide","app/[locale]/blog/[slug]/page.tsx","200","true","https://dordoi.help/uz/blog/dordoy-bayer-kim-va-nima-uchun-kerak","true","uz","Dordoy bayer kim va nima uchun kerak | Dordoi.help qo&#x27;llanmasi | Dordoi.help","Amaliy qo&#x27;llanma: dordoy bayer kim va nima uchun kerak. Katalog, toifalar, bayer, kargo va kontaktlarga xavfsiz kirish.","Dordoy bayer kim va nima uchun kerak","present","true","true","true",""
"/uz/blog/dordoy-bayerini-qanday-tanlash","uz","blog_guide","app/[locale]/blog/[slug]/page.tsx","200","true","https://dordoi.help/uz/blog/dordoy-bayerini-qanday-tanlash","true","uz","Dordoy bayerini qanday tanlash kerak | Dordoi.help qo&#x27;llanmasi | Dordoi.help","Amaliy qo&#x27;llanma: dordoy bayerini qanday tanlash kerak. Katalog, toifalar, bayer, kargo va kontaktlarga xavfsiz kirish.","Dordoy bayerini qanday tanlash kerak","present","true","true","true",""
"/uz/blog/qozogiston-uchun-dordoy-bayer","uz","blog_guide","app/[locale]/blog/[slug]/page.tsx","200","true","https://dordoi.help/uz/blog/qozogiston-uchun-dordoy-bayer","true","uz","Qozog&#x27;iston uchun Dordoy bayer | Dordoi.help qo&#x27;llanmasi | Dordoi.help","Amaliy qo&#x27;llanma: qozog&#x27;iston uchun dordoy bayer. Katalog, toifalar, bayer, kargo va kontaktlarga xavfsiz kirish.","Qozog&#x27;iston uchun Dordoy bayer","present","true","true","true",""
"/uz/blog/dordoy-bayer-yoki-mustaqil-xarid","uz","blog_guide","app/[locale]/blog/[slug]/page.tsx","200","true","https://dordoi.help/uz/blog/dordoy-bayer-yoki-mustaqil-xarid","true","uz","Dordoy: bayer yoki mustaqil xarid | Dordoi.help qo&#x27;llanmasi | Dordoi.help","Amaliy qo&#x27;llanma: dordoy: bayer yoki mustaqil xarid. Katalog, toifalar, bayer, kargo va kontaktlarga xavfsiz kirish.","Dordoy: bayer yoki mustaqil xarid","present","true","true","true",""
"/uz/blog/ayollar-kiyimi-ulgurji-dordoy","uz","blog_guide","app/[locale]/blog/[slug]/page.tsx","200","true","https://dordoi.help/uz/blog/ayollar-kiyimi-ulgurji-dordoy","true","uz","Dordoy ayollar kiyimi ulgurji | Dordoi.help qo&#x27;llanmasi | Dordoi.help","Amaliy qo&#x27;llanma: dordoy ayollar kiyimi ulgurji. Katalog, toifalar, bayer, kargo va kontaktlarga xavfsiz kirish.","Dordoy ayollar kiyimi ulgurji","present","true","true","true",""
"/uz/blog/erkaklar-kiyimi-ulgurji-dordoy","uz","blog_guide","app/[locale]/blog/[slug]/page.tsx","200","true","https://dordoi.help/uz/blog/erkaklar-kiyimi-ulgurji-dordoy","true","uz","Dordoy erkaklar kiyimi ulgurji | Dordoi.help qo&#x27;llanmasi | Dordoi.help","Amaliy qo&#x27;llanma: dordoy erkaklar kiyimi ulgurji. Katalog, toifalar, bayer, kargo va kontaktlarga xavfsiz kirish.","Dordoy erkaklar kiyimi ulgurji","present","true","true","true",""
"/uz/blog/bolalar-kiyimi-ulgurji-dordoy","uz","blog_guide","app/[locale]/blog/[slug]/page.tsx","200","true","https://dordoi.help/uz/blog/bolalar-kiyimi-ulgurji-dordoy","true","uz","Dordoy bolalar kiyimi ulgurji | Dordoi.help qo&#x27;llanmasi | Dordoi.help","Amaliy qo&#x27;llanma: dordoy bolalar kiyimi ulgurji. Katalog, toifalar, bayer, kargo va kontaktlarga xavfsiz kirish.","Dordoy bolalar kiyimi ulgurji","present","true","true","true",""
"/uz/blog/poyabzal-ulgurji-dordoy","uz","blog_guide","app/[locale]/blog/[slug]/page.tsx","200","true","https://dordoi.help/uz/blog/poyabzal-ulgurji-dordoy","true","uz","Dordoy poyabzal ulgurji | Dordoi.help qo&#x27;llanmasi | Dordoi.help","Amaliy qo&#x27;llanma: dordoy poyabzal ulgurji. Katalog, toifalar, bayer, kargo va kontaktlarga xavfsiz kirish.","Dordoy poyabzal ulgurji","present","true","true","true",""
"/uz/blog/sumkalar-ulgurji-dordoy","uz","blog_guide","app/[locale]/blog/[slug]/page.tsx","200","true","https://dordoi.help/uz/blog/sumkalar-ulgurji-dordoy","true","uz","Dordoy sumkalar ulgurji | Dordoi.help qo&#x27;llanmasi | Dordoi.help","Amaliy qo&#x27;llanma: dordoy sumkalar ulgurji. Katalog, toifalar, bayer, kargo va kontaktlarga xavfsiz kirish.","Dordoy sumkalar ulgurji","present","true","true","true",""
"/uz/blog/mato-va-furnitura-dordoy","uz","blog_guide","app/[locale]/blog/[slug]/page.tsx","200","true","https://dordoi.help/uz/blog/mato-va-furnitura-dordoy","true","uz","Dordoy mato va furnitura | Dordoi.help qo&#x27;llanmasi | Dordoi.help","Amaliy qo&#x27;llanma: dordoy mato va furnitura. Katalog, toifalar, bayer, kargo va kontaktlarga xavfsiz kirish.","Dordoy mato va furnitura","present","true","true","true",""
"/uz/blog/dordoy-ulgurji-toliq-qollanma","uz","blog_guide","app/[locale]/blog/[slug]/page.tsx","200","true","https://dordoi.help/uz/blog/dordoy-ulgurji-toliq-qollanma","true","uz","Dordoy ulgurji to&#x27;liq qo&#x27;llanma | Dordoi.help qo&#x27;llanmasi | Dordoi.help","Amaliy qo&#x27;llanma: dordoy ulgurji to&#x27;liq qo&#x27;llanma. Katalog, toifalar, bayer, kargo va kontaktlarga xavfsiz kirish.","Dordoy ulgurji to&#x27;liq qo&#x27;llanma","present","true","true","true",""
"/uz/blog/dordoy-onlayn-katalog-qanday-foydalanish","uz","blog_guide","app/[locale]/blog/[slug]/page.tsx","200","true","https://dordoi.help/uz/blog/dordoy-onlayn-katalog-qanday-foydalanish","true","uz","Dordoy onlayn katalogidan qanday foydalanish kerak | Dordoi.help qo&#x27;llanmasi | Dordoi.help","Amaliy qo&#x27;llanma: dordoy onlayn katalogidan qanday foydalanish kerak. Katalog, toifalar, bayer, kargo va kontaktlarga xavfsiz kirish.","Dordoy onlayn katalogidan qanday foydalanish kerak","present","true","true","true",""
"/uz/blog/dordoy-narxlari-va-prais-qanday-aniqlash","uz","blog_guide","app/[locale]/blog/[slug]/page.tsx","200","true","https://dordoi.help/uz/blog/dordoy-narxlari-va-prais-qanday-aniqlash","true","uz","Dordoy narxlari va prays-listlarini qanday aniqlash kerak | Dordoi.help qo&#x27;llanmasi | Dordoi.help","Amaliy qo&#x27;llanma: dordoy narxlari va prays-listlarini qanday aniqlash kerak. Katalog, toifalar, bayer, kargo va kontaktlarga xavfsiz kirish.","Dordoy narxlari va prays-listlarini qanday aniqlash kerak","present","true","true","true",""
"/uz/blog/dordoy-yetkazib-beruvchi-kontaktlarini-xavfsiz-ochish","uz","blog_guide","app/[locale]/blog/[slug]/page.tsx","200","true","https://dordoi.help/uz/blog/dordoy-yetkazib-beruvchi-kontaktlarini-xavfsiz-ochish","true","uz","Dordoy yetkazib beruvchi kontaktlarini xavfsiz ochish | Dordoi.help qo&#x27;llanmasi | Dordoi.help","Amaliy qo&#x27;llanma: dordoy yetkazib beruvchi kontaktlarini xavfsiz ochish. Katalog, toifalar, bayer, kargo va kontaktlarga xavfsiz kirish.","Dordoy yetkazib beruvchi kontaktlarini xavfsiz ochish","present","true","true","true",""
"/uz/blog/trikotaj-ulgurji-dordoy","uz","blog_guide","app/[locale]/blog/[slug]/page.tsx","200","true","https://dordoi.help/uz/blog/trikotaj-ulgurji-dordoy","true","uz","Dordoy trikotaj ulgurji | Dordoi.help qo&#x27;llanmasi | Dordoi.help","Amaliy qo&#x27;llanma: dordoy trikotaj ulgurji. Katalog, toifalar, bayer, kargo va kontaktlarga xavfsiz kirish.","Dordoy trikotaj ulgurji","present","true","true","true",""
"/uz/blog/ichki-kiyim-korset-ulgurji-dordoy","uz","blog_guide","app/[locale]/blog/[slug]/page.tsx","200","true","https://dordoi.help/uz/blog/ichki-kiyim-korset-ulgurji-dordoy","true","uz","Dordoy ichki kiyim va korset ulgurji | Dordoi.help qo&#x27;llanmasi | Dordoi.help","Amaliy qo&#x27;llanma: dordoy ichki kiyim va korset ulgurji. Katalog, toifalar, bayer, kargo va kontaktlarga xavfsiz kirish.","Dordoy ichki kiyim va korset ulgurji","present","true","true","true",""
"/uz/blog/qirgiziston-korpa-toshak-ulgurji","uz","blog_guide","app/[locale]/blog/[slug]/page.tsx","200","true","https://dordoi.help/uz/blog/qirgiziston-korpa-toshak-ulgurji","true","uz","Qirg&#x27;iziston ko&#x27;rpa-to&#x27;shak ulgurji | Dordoi.help qo&#x27;llanmasi | Dordoi.help","Amaliy qo&#x27;llanma: qirg&#x27;iziston ko&#x27;rpa-to&#x27;shak ulgurji. Katalog, toifalar, bayer, kargo va kontaktlarga xavfsiz kirish.","Qirg&#x27;iziston ko&#x27;rpa-to&#x27;shak ulgurji","present","true","true","true",""
"/uz/blog/wildberries-uchun-bishkek-yetkazib-beruvchilar","uz","blog_guide","app/[locale]/blog/[slug]/page.tsx","200","true","https://dordoi.help/uz/blog/wildberries-uchun-bishkek-yetkazib-beruvchilar","true","uz","Wildberries uchun Bishkek yetkazib beruvchilar | Dordoi.help qo&#x27;llanmasi | Dordoi.help","Amaliy qo&#x27;llanma: wildberries uchun bishkek yetkazib beruvchilar. Katalog, toifalar, bayer, kargo va kontaktlarga xavfsiz kirish.","Wildberries uchun Bishkek yetkazib beruvchilar","present","true","true","true",""
"/uz/blog/qirgiziston-marketpleys-tovarlari-ulgurji","uz","blog_guide","app/[locale]/blog/[slug]/page.tsx","200","true","https://dordoi.help/uz/blog/qirgiziston-marketpleys-tovarlari-ulgurji","true","uz","Qirg&#x27;iziston marketplace tovarlari ulgurji | Dordoi.help qo&#x27;llanmasi | Dordoi.help","Amaliy qo&#x27;llanma: qirg&#x27;iziston marketplace tovarlari ulgurji. Katalog, toifalar, bayer, kargo va kontaktlarga xavfsiz kirish.","Qirg&#x27;iziston marketplace tovarlari ulgurji","present","true","true","true",""
"/uz/blog/bishkek-tikuv-sexlar-va-kiyim-ishlab-chiqarish","uz","blog_guide","app/[locale]/blog/[slug]/page.tsx","200","true","https://dordoi.help/uz/blog/bishkek-tikuv-sexlar-va-kiyim-ishlab-chiqarish","true","uz","Bishkek tikuv sexlari va kiyim ishlab chiqarish | Dordoi.help qo&#x27;llanmasi | Dordoi.help","Amaliy qo&#x27;llanma: bishkek tikuv sexlari va kiyim ishlab chiqarish. Katalog, toifalar, bayer, kargo va kontaktlarga xavfsiz kirish.","Bishkek tikuv sexlari va kiyim ishlab chiqarish","present","true","true","true",""
"/uz/blog/bishkek-tayyor-kiyim-tikish","uz","blog_guide","app/[locale]/blog/[slug]/page.tsx","200","true","https://dordoi.help/uz/blog/bishkek-tayyor-kiyim-tikish","true","uz","Bishkek tayyor kiyim tikish | Dordoi.help qo&#x27;llanmasi | Dordoi.help","Amaliy qo&#x27;llanma: bishkek tayyor kiyim tikish. Katalog, toifalar, bayer, kargo va kontaktlarga xavfsiz kirish.","Bishkek tayyor kiyim tikish","present","true","true","true",""
"/uz/blog/bishkek-ulgurji-bozorlar-yetkazib-beruvchi-izlash","uz","blog_guide","app/[locale]/blog/[slug]/page.tsx","200","true","https://dordoi.help/uz/blog/bishkek-ulgurji-bozorlar-yetkazib-beruvchi-izlash","true","uz","Bishkek ulgurji bozorlarida yetkazib beruvchi izlash | Dordoi.help qo&#x27;llanmasi | Dordoi.help","Amaliy qo&#x27;llanma: bishkek ulgurji bozorlarida yetkazib beruvchi izlash. Katalog, toifalar, bayer, kargo va kontaktlarga xavfsiz kirish.","Bishkek ulgurji bozorlarida yetkazib beruvchi izlash","present","true","true","true",""
"/uz/blog/bishkek-yetkazib-beruvchilar-ulgurji-hamkor-topish","uz","blog_guide","app/[locale]/blog/[slug]/page.tsx","200","true","https://dordoi.help/uz/blog/bishkek-yetkazib-beruvchilar-ulgurji-hamkor-topish","true","uz","Bishkek yetkazib beruvchilari: ulgurji hamkor topish | Dordoi.help qo&#x27;llanmasi | Dordoi.help","Amaliy qo&#x27;llanma: bishkek yetkazib beruvchilari: ulgurji hamkor topish. Katalog, toifalar, bayer, kargo va kontaktlarga xavfsiz kirish.","Bishkek yetkazib beruvchilari: ulgurji hamkor topish","present","true","true","true",""
"/uz/blog/dordoy-bishkek-yetkazib-beruvchilar-katalog-toifalar","uz","blog_guide","app/[locale]/blog/[slug]/page.tsx","200","true","https://dordoi.help/uz/blog/dordoy-bishkek-yetkazib-beruvchilar-katalog-toifalar","true","uz","Dordoy Bishkek: yetkazib beruvchilar, katalog va toifalar | Dordoi.help qo&#x27;llanmasi | Dordoi.help","Amaliy qo&#x27;llanma: dordoy bishkek: yetkazib beruvchilar, katalog va toifalar. Katalog, toifalar, bayer, kargo va kontaktlarga xavfsiz kirish.","Dordoy Bishkek: yetkazib beruvchilar, katalog va toifalar","present","true","true","true",""
"/uz/blog/bishkek-ulgurji-bozorlar-dordoy-madina-alamedin","uz","blog_guide","app/[locale]/blog/[slug]/page.tsx","200","true","https://dordoi.help/uz/blog/bishkek-ulgurji-bozorlar-dordoy-madina-alamedin","true","uz","Bishkek ulgurji bozorlari: Dordoy, Madina, Alamedin | Dordoi.help qo&#x27;llanmasi | Dordoi.help","Amaliy qo&#x27;llanma: bishkek ulgurji bozorlari: dordoy, madina, alamedin. Katalog, toifalar, bayer, kargo va kontaktlarga xavfsiz kirish.","Bishkek ulgurji bozorlari: Dordoy, Madina, Alamedin","present","true","true","true",""
"/uz/blog/bishkek-kiyim-ulgurji-dordoy-yetkazib-beruvchilar","uz","blog_guide","app/[locale]/blog/[slug]/page.tsx","200","true","https://dordoi.help/uz/blog/bishkek-kiyim-ulgurji-dordoy-yetkazib-beruvchilar","true","uz","Bishkek kiyim ulgurji: Dordoy yetkazib beruvchilari | Dordoi.help qo&#x27;llanmasi | Dordoi.help","Amaliy qo&#x27;llanma: bishkek kiyim ulgurji: dordoy yetkazib beruvchilari. Katalog, toifalar, bayer, kargo va kontaktlarga xavfsiz kirish.","Bishkek kiyim ulgurji: Dordoy yetkazib beruvchilari","present","true","true","true",""
"/uz/blog/bishkek-tovarlar-ulgurji-dokon-marketpleys","uz","blog_guide","app/[locale]/blog/[slug]/page.tsx","200","true","https://dordoi.help/uz/blog/bishkek-tovarlar-ulgurji-dokon-marketpleys","true","uz","Bishkek tovarlar ulgurji: do&#x27;kon va marketpleys uchun | Dordoi.help qo&#x27;llanmasi | Dordoi.help","Amaliy qo&#x27;llanma: bishkek tovarlar ulgurji: do&#x27;kon va marketpleys uchun. Katalog, toifalar, bayer, kargo va kontaktlarga xavfsiz kirish.","Bishkek tovarlar ulgurji: do&#x27;kon va marketpleys uchun","present","true","true","true",""
"/uz/blog/bishkek-yetkazib-beruvchilar-katalogidan-foydalanish","uz","blog_guide","app/[locale]/blog/[slug]/page.tsx","200","true","https://dordoi.help/uz/blog/bishkek-yetkazib-beruvchilar-katalogidan-foydalanish","true","uz","Bishkek yetkazib beruvchilar katalogidan foydalanish | Dordoi.help qo&#x27;llanmasi | Dordoi.help","Amaliy qo&#x27;llanma: bishkek yetkazib beruvchilar katalogidan foydalanish. Katalog, toifalar, bayer, kargo va kontaktlarga xavfsiz kirish.","Bishkek yetkazib beruvchilar katalogidan foydalanish","present","true","true","true",""
"/uz/blog/bishkekda-ulgurji-xarid-uchun-bozor-tanlash","uz","blog_guide","app/[locale]/blog/[slug]/page.tsx","200","true","https://dordoi.help/uz/blog/bishkekda-ulgurji-xarid-uchun-bozor-tanlash","true","uz","Bishkekda ulgurji xarid uchun bozor tanlash | Dordoi.help qo&#x27;llanmasi | Dordoi.help","Amaliy qo&#x27;llanma: bishkekda ulgurji xarid uchun bozor tanlash. Katalog, toifalar, bayer, kargo va kontaktlarga xavfsiz kirish.","Bishkekda ulgurji xarid uchun bozor tanlash","present","true","true","true",""
"/uz/catalog/postavshik-zhenskoy-odezhdy-a9e9","uz","vendor_sample_locked","app/[locale]/catalog/[slug]/page.tsx","200","true","https://dordoi.help/uz/suppliers/asso-corsets","true","uz","Dordoy bozorida ayollar kiyimi yetkazib beruvchi | Dordoi.help","Dordoy bozorida ayollar kiyimi yetkazib beruvchi. Tavsif, toifalar va shartlar. Aloqa Dordoi.help orqali.","Dordoy bozorida ayollar kiyimi yetkazib beruvchi","present","false","true","true",""
"/uz/suppliers/asso-corsets","uz","vendor_sample_locked","app/[locale]/suppliers/[seoSlug]/page.tsx","200","true","https://dordoi.help/uz/suppliers/asso-corsets","true","uz","Dordoy bozorida ayollar kiyimi yetkazib beruvchi | Dordoi.help","Dordoy bozorida ayollar kiyimi yetkazib beruvchi. Tavsif, toifalar va shartlar. Aloqa Dordoi.help orqali.","Dordoy bozorida ayollar kiyimi yetkazib beruvchi","present","false","true","true",""
"/tj","tj","core","app/[locale]/page.tsx","200","true","https://dordoi.help/tj","true","tg","Dordoi.help — платформаи бисёрфурӯшӣ барои бозори Дордой | Dordoi.help","Молҳо, таъминкунандагон ва байерҳо дар як ҷой. Абзори B2B барои ҶОИ.","Таъминкунандагон, байерҳо ва каргои бозори Дордой дар як каталог","present","true","true","false",""
"/tj/catalog","tj","core","app/[locale]/catalog/page.tsx","200","true","https://dordoi.help/tj/catalog","true","tg","Каталоги таъминкунандагони Дордой — фурӯши оптӣ, филтрҳо ва ҷустуҷӯ | Dordoi.help","Каталоги таъминкунандагони бозори Дордой: фурӯшандагони оптии либос, пойафзол, сумка ва матоъ. Таъминкунанда, байер ё карго барои харид аз Бишкек пайдо кунед.","Каталоги таъминкунандагони оптии бозори Дордой","present","true","true","true",""
"/tj/sell","tj","core","app/[locale]/sell/page.tsx","200","true","https://dordoi.help/tj/sell","true","tg","Фурӯши оптӣ — Dordoi.help | Dordoi.help","Фурӯши оптӣ аз бозори Дордой: витрина, дархостҳо ва тамосҳои харидорон бе гаштан дар қаторҳо.","Фурӯши оптӣ","present","true","true","false",""
"/tj/suppliers","tj","core","app/[locale]/suppliers/page.tsx","200","true","https://dordoi.help/tj/suppliers","true","tg","Таъминкунандагони Дордой — фурӯшандагони оптии бозор | Dordoi.help","Таъминкунандагони бозори Дордойро пайдо кунед: фурӯшандагони оптии либос, пойафзол, сумка ва матоъ. Каталог ба харидорон ёфтани таъминкунанда, байер ё карго кӯмак мекунад.","Таъминкунандагони бозори Дордой — фурӯшандагони оптӣ ва тамос","present","true","true","false",""
"/tj/buyers","tj","core","app/[locale]/buyers/page.tsx","200","true","https://dordoi.help/tj/buyers","true","tg","Ёфтани байер дар Дордой — Dordoi.help | Dordoi.help","Байерҳои бозори Дордой: харид, санҷиши сифат ва ҷамъ кардани партия бе саёҳатҳои зиёд.","Ёфтани байер","present","true","true","true",""
"/tj/buyer-service","tj","core","app/[locale]/buyer-service/page.tsx","200","true","https://dordoi.help/tj/buyer-service","true","tg","Байерҳо — Dordoi.help | Dordoi.help","Интихоби мол, санҷиши сифат ва ҷамъ кардани фармоиш.","Байерҳо","present","true","true","true",""
"/tj/about","tj","core","app/[locale]/about/page.tsx","200","true","https://dordoi.help/tj/about","true","tg","Dordoi.help - Таъминкунандагони Дордой, Байер ва Каргои Дордой | Dordoi.help","Dordoi.help барои бозори дордой таъминкунандагон, категорияҳо, байерҳо ва самтҳои каргоро ёфтан кӯмак мекунад.","Dordoi.help - каталог ва роҳнамо барои Бозори Дордой","present","true","true","false",""
"/tj/how-it-works","tj","core","app/[locale]/how-it-works/page.tsx","200","true","https://dordoi.help/tj/how-it-works","true","tg","Dordoi.help чӣ тавр кор мекунад - Каталоги таъминкунандагон, Байер, Каргои Дордой | Dordoi.help","Қадамҳо: интихоб кардани категория, муқоисаи таъминкунанда, кушодани дастрасӣ, истифодаи байер ё карго.","Dordoi.help чӣ тавр кор мекунад","present","true","true","false",""
"/tj/for-buyers","tj","core","app/[locale]/for-buyers/page.tsx","200","true","https://dordoi.help/tj/for-buyers","true","tg","Бозори Дордой: таъминкунандагон, байер ва карго барои харидорон | Dordoi.help","Барои харидорон: ёфтани таъминкунандагон тавассути Dordoi.help, дастрасӣ ба контакт, байер ва карго.","Dordoi.help барои харидорони Бозори Дордой","present","true","true","false",""
"/tj/for-sellers","tj","core","app/[locale]/for-sellers/page.tsx","200","true","https://dordoi.help/tj/for-sellers","true","tg","Барои фурӯшандагон: корти таъминкунанда дар каталоги Dordoi.help | Dordoi.help","Барои фурӯшандагон: корт, категория, тавсифи кушода ва қоидаҳои contact privacy.","Барои фурӯшандагон: намоён шудан дар каталоги Dordoi.help","present","true","true","false",""
"/tj/help","tj","core","app/[locale]/help/page.tsx","200","true","https://dordoi.help/tj/help","true","tg","Кӯмак — Dordoi.help | Dordoi.help","Чӣ тавр аз Dordoi.help истифода баред.","Кӯмак","present","true","true","false",""
"/tj/faq","tj","core","app/[locale]/faq/page.tsx","200","true","https://dordoi.help/tj/faq","true","tg","Dordoi.help FAQ - Таъминкунандагони Дордой, Байер, Каргои Дордой | Dordoi.help","Саволҳо дар бораи Dordoi.help: таъминкунандагон, дастрасӣ ба контакт, байер, карго ва харид аз кишварҳо.","Dordoi.help FAQ","present","true","true","false",""
"/tj/dordoi-kazakhstan","tj","core","app/[locale]/dordoi-kazakhstan/page.tsx","200","true","https://dordoi.help/tj/dordoi-kazakhstan","true","tg","Дордой барои Қазоқистон: Таъминкунандагони Дордой, Байер ва Каргои Дордой | Dordoi.help","Барои харидорони Қазоқистон: таъминкунандагон, категорияҳо, байер ва сенарияи интиқол аз бозори Дордой.","Дордой барои харидорони Қазоқистон","present","true","true","false",""
"/tj/dordoi-uzbekistan","tj","core","app/[locale]/dordoi-uzbekistan/page.tsx","200","true","https://dordoi.help/tj/dordoi-uzbekistan","true","tg","Дордой барои Ӯзбекистон: Таъминкунандагони Дордой, Байер ва Каргои Дордой | Dordoi.help","Барои харидорони Ӯзбекистон: таъминкунандагон, категорияҳо, байер ва сенарияи интиқол аз бозори Дордой.","Дордой барои харидорони Ӯзбекистон","present","true","true","false",""
"/tj/dordoi-tajikistan","tj","core","app/[locale]/dordoi-tajikistan/page.tsx","200","true","https://dordoi.help/tj/dordoi-tajikistan","true","tg","Дордой барои Тоҷикистон: Таъминкунандагони Дордой, Байер ва Каргои Дордой | Dordoi.help","Барои харидорони Тоҷикистон: таъминкунандагон, категорияҳо, байер ва сенарияи интиқол аз бозори Дордой.","Дордой барои харидорони Тоҷикистон","present","true","true","false",""
"/tj/dordoi-russia","tj","core","app/[locale]/dordoi-russia/page.tsx","200","true","https://dordoi.help/tj/dordoi-russia","true","tg","Дордой барои Русия: Таъминкунандагони Дордой, Байер ва Каргои Дордой | Dordoi.help","Барои харидорони Русия: таъминкунандагон, категорияҳо, байер ва сенарияи интиқол аз бозори Дордой.","Дордой барои харидорони Русия","present","true","true","false",""
"/tj/dordoi-kyrgyzstan","tj","core","app/[locale]/dordoi-kyrgyzstan/page.tsx","200","true","https://dordoi.help/tj/dordoi-kyrgyzstan","true","tg","Дордой барои Қирғизистон: Таъминкунандагони Дордой, Байер ва Каргои Дордой | Dordoi.help","Барои харидорони Қирғизистон: таъминкунандагон, категорияҳо, байер ва сенарияи интиқол аз бозори Дордой.","Дордой барои харидорони Қирғизистон","present","true","true","false",""
"/tj/contact","tj","core","app/[locale]/contact/page.tsx","200","true","https://dordoi.help/tj/contact","true","tg","Тамос — Dordoi.help | Dordoi.help","Бо дастаи Dordoi.help тамос гиред.","Тамос","present","true","true","true",""
"/tj/privacy","tj","core","app/[locale]/privacy/page.tsx","200","true","https://dordoi.help/tj/privacy","true","tg","Сиёсати махфият — Dordoi.help | Dordoi.help","Коркарди маълумот.","Махфият","present","true","true","false",""
"/tj/terms","tj","core","app/[locale]/terms/page.tsx","200","true","https://dordoi.help/tj/terms","true","tg","Шартҳои истифода — Dordoi.help | Dordoi.help","Қоидаҳои хизматрасонӣ.","Шартҳо","present","true","true","true",""
"/tj/refund","tj","core","app/[locale]/refund/page.tsx","200","true","https://dordoi.help/tj/refund","true","tg","Сиёсати бозгардонӣ — Dordoi.help | Dordoi.help","Маълумот дар бораи бозгардонӣ.","Бозгардонӣ","present","true","true","true",""
"/tj/kargo-dordoi","tj","core","app/[locale]/kargo-dordoi/page.tsx","200","true","https://dordoi.help/tj/kargo-dordoi","true","tg","Каргои Дордой — интиқоли мол аз бозор | Dordoi.help","Каргои Дордой ва интиқол аз Бишкек. Чӣ тавр тавассути Dordoi.help харидор ва логистикаро ёфтан мумкин аст.","Каргои Дордой: интиқоли мол аз Бишкек","present","true","true","true",""
"/tj/dordoi-optom","tj","core","app/[locale]/dordoi-optom/page.tsx","200","true","https://dordoi.help/tj/dordoi-optom","true","tg","Дордой опт — молҳо, таъминкунандагон ва харид | Dordoi.help","Дордой опт: категорияҳо, таъминкунандагон ва харид тавассути Dordoi.help.","Дордой опт: молҳо, таъминкунандагон ва харид тавассути каталог","present","true","true","false",""
"/tj/rynok-bishkek","tj","core","app/[locale]/rynok-bishkek/page.tsx","200","true","https://dordoi.help/tj/rynok-bishkek","true","tg","Бозори Бишкек - бозорҳои яклухт, таъминкунандагон ва Дордой | Dordoi.help","Роҳнамо барои харидорони яклухт дар бозорҳои Бишкек: таъминкунандагонро аз куҷо ёфтан, кай Дордойро интихоб кардан ва чӣ тавр аз Dordoi.help истифода бурдан.","Бозори Бишкек: таъминкунандагон ва молҳои яклухтро аз куҷо ёфтан","present","true","true","false",""
"/tj/rynok-dordoi","tj","core","app/[locale]/rynok-dordoi/page.tsx","200","true","https://dordoi.help/tj/rynok-dordoi","true","tg","Бозори Дордой Бишкек — таъминкунандагон, опт ва каталоги фурӯшандагон | Dordoi.help","Дар бораи бозори Дордой дар Бишкек: таъминкунандагон, категорияҳои оптӣ ва каталоги Dordoi.help.","Бозори Дордой дар Бишкек: таъминкунандагон, опт ва каталоги фурӯшандагон","present","true","true","false",""
"/tj/categories/libosi-zanona-yaklukht","tj","category","app/[locale]/categories/[categorySlug]/page.tsx","200","true","https://dordoi.help/tj/categories/libosi-zanona-yaklukht","true","tg","Либоси занона опт Дордой — таъминкунандагон ва фурӯшандагон | Dordoi.help","Таъминкунандагони либоси занона дар бозори Дордой: фурӯшандагони оптӣ ва нуқтаҳои фурӯш. Тавассути каталоги Dordoi.help таъминкунандаро пайдо кунед.","Либоси занона опт дар бозори Дордой","present","true","true","false",""
"/tj/categories/libosi-mardona-opt","tj","category","app/[locale]/categories/[categorySlug]/page.tsx","200","true","https://dordoi.help/tj/categories/libosi-mardona-opt","true","tg","Либоси мардона опт Дордой — таъминкунандагони бозор | Dordoi.help","Таъминкунандагони либоси мардона дар бозори Дордой: фурӯшандагони оптӣ ва мағозаҳо.","Либоси мардона опт дар бозори Дордой","present","true","true","false",""
"/tj/categories/libosi-atfol-opt","tj","category","app/[locale]/categories/[categorySlug]/page.tsx","200","true","https://dordoi.help/tj/categories/libosi-atfol-opt","true","tg","Либоси атфол опт Дордой — таъминкунандагон ва фурӯшандагон | Dordoi.help","Таъминкунандагони либоси атфол дар бозори Дордой.","Либоси атфол опт дар бозори Дордой","present","true","true","false",""
"/tj/categories/libosi-zirak-kupalnik-opt","tj","category","app/[locale]/categories/[categorySlug]/page.tsx","200","true","https://dordoi.help/tj/categories/libosi-zirak-kupalnik-opt","true","tg","Либоси зирак ва купальник опт Дордой — таъминкунандагон | Dordoi.help","Таъминкунандагони либоси зирак ва купальник дар бозори Дордой.","Либоси зирак ва купальник опт дар бозори Дордой","present","true","true","false",""
"/tj/categories/poyafzal-opt","tj","category","app/[locale]/categories/[categorySlug]/page.tsx","200","true","https://dordoi.help/tj/categories/poyafzal-opt","true","tg","Пойафзал опт Дордой — таъминкунандагони пойафзал | Dordoi.help","Таъминкунандагони пойафзал дар бозори Дордой.","Пойафзал опт дар бозори Дордой","present","true","true","false",""
"/tj/categories/sumka-charm-opt","tj","category","app/[locale]/categories/[categorySlug]/page.tsx","200","true","https://dordoi.help/tj/categories/sumka-charm-opt","true","tg","Сумка опт Дордой — таъминкунандагони сумка | Dordoi.help","Таъминкунандагони сумка ва чарм дар бозори Дордой.","Сумка ва чарм опт дар бозори Дордой","present","true","true","false",""
"/tj/categories/aksessuar-opt","tj","category","app/[locale]/categories/[categorySlug]/page.tsx","200","true","https://dordoi.help/tj/categories/aksessuar-opt","true","tg","Аксессуарҳо опт Дордой — таъминкунандагони бозор | Dordoi.help","Таъминкунандагони аксессуарҳо дар бозори Дордой.","Аксессуарҳо опт дар бозори Дордой","present","true","true","false",""
"/tj/categories/matou-furnitura-opt","tj","category","app/[locale]/categories/[categorySlug]/page.tsx","200","true","https://dordoi.help/tj/categories/matou-furnitura-opt","true","tg","Матои опт Дордой — таъминкунандагони мато | Dordoi.help","Таъминкунандагони мато ва фурнитура дар бозори Дордой.","Матои ва фурнитураи дӯзандагӣ опт дар бозори Дордой","present","true","true","false",""
"/tj/categories/matoui-hona-opt","tj","category","app/[locale]/categories/[categorySlug]/page.tsx","200","true","https://dordoi.help/tj/categories/matoui-hona-opt","true","tg","Матои хона опт Дордой — таъминкунандагон | Dordoi.help","Таъминкунандагони матои хона дар бозори Дордой.","Матои хона опт дар бозори Дордой","present","true","true","false",""
"/tj/categories/kosmetika-atir-opt","tj","category","app/[locale]/categories/[categorySlug]/page.tsx","200","true","https://dordoi.help/tj/categories/kosmetika-atir-opt","true","tg","Косметика опт Дордой — таъминкунандагон | Dordoi.help","Таъминкунандагони косметика ва атир дар бозори Дордой.","Косметика ва атир опт дар бозори Дордой","present","true","true","true",""
"/tj/categories/bozichaho-atfol-opt","tj","category","app/[locale]/categories/[categorySlug]/page.tsx","200","true","https://dordoi.help/tj/categories/bozichaho-atfol-opt","true","tg","Бозичаҳо опт Дордой — таъминкунандагон | Dordoi.help","Таъминкунандагони бозичаҳо ва молҳои атфол дар бозори Дордой.","Бозичаҳо ва молҳои атфол опт дар бозори Дордой","present","true","true","true",""
"/tj/categories/elektronika-mobil-aksessuar-opt","tj","category","app/[locale]/categories/[categorySlug]/page.tsx","200","true","https://dordoi.help/tj/categories/elektronika-mobil-aksessuar-opt","true","tg","Электроника опт Дордой — таъминкунандагон | Dordoi.help","Таъминкунандагони электроника ва аксессуарҳои мобилӣ дар бозори Дордой.","Электроника ва аксессуарҳои мобилӣ опт дар бозори Дордой","present","true","true","false",""
"/tj/categories/bastebandi-asbob-opt","tj","category","app/[locale]/categories/[categorySlug]/page.tsx","200","true","https://dordoi.help/tj/categories/bastebandi-asbob-opt","true","tg","Бастабандӣ ва таҷҳизоти савдо Дордой — таъминкунандагон | Dordoi.help","Таъминкунандагони бастабандӣ ва таҷҳизоти савдо дар бозори Дордой.","Бастабандӣ ва таҷҳизоти савдо барои фурӯшандагони Дордой","present","true","true","true",""
"/tj/categories/mol-hona-opt","tj","category","app/[locale]/categories/[categorySlug]/page.tsx","200","true","https://dordoi.help/tj/categories/mol-hona-opt","true","tg","Молҳои хона опт Дордой — таъминкунандагон | Dordoi.help","Таъминкунандагони молҳои хона ва хоҷагӣ дар бозори Дордой.","Молҳои хона ва хоҷагӣ опт дар бозори Дордой","present","true","true","true",""
"/tj/categories/mol-automobil-opt","tj","category","app/[locale]/categories/[categorySlug]/page.tsx","200","true","https://dordoi.help/tj/categories/mol-automobil-opt","true","tg","Молҳои автомобилӣ опт Дордой — таъминкунандагон | Dordoi.help","Таъминкунандагони молҳои автомобилӣ ва аксессуарҳо дар бозори Дордой.","Молҳои автомобилӣ ва аксессуарҳо опт дар бозори Дордой","present","true","true","true",""
"/tj/categories/varzish-sayohat-opt","tj","category","app/[locale]/categories/[categorySlug]/page.tsx","200","true","https://dordoi.help/tj/categories/varzish-sayohat-opt","true","tg","Варзиш ва сайёҳат опт Дордой — таъминкунандагон | Dordoi.help","Таъминкунандагони варзиш, сайёҳат ва истироҳат дар бозори Дордой.","Варзиш, сайёҳат ва истироҳат опт дар бозори Дордой","present","true","true","true",""
"/tj/blog","tj","blog_hub","app/[locale]/blog/page.tsx","200","true","https://dordoi.help/tj/blog","true","tg","Блог Dordoi.help - Таъминкунандагони Дордой, Каталоги таъминкунандагон, Каргои Дордой | Dordoi.help","Бозори Дордой: роҳнамоҳои амалӣ, ҷустуҷӯи таъминкунандагон, хариди оптӣ, байер ва карго.","Блог Dordoi.help","present","true","true","false",""
"/tj/blog/dordoi-taminkunandaro-chi-tavr-yoftan","tj","blog_guide","app/[locale]/blog/[slug]/page.tsx","200","true","https://dordoi.help/tj/blog/dordoi-taminkunandaro-chi-tavr-yoftan","true","tg","Бозори Дордой: чӣ тавр таъминкунанда ёфтан мумкин | Dordoi.help","Интихоби категория, муқоисаи таъминкунандагон, дастрасӣ ба контакт ва санҷиши аввал тавассути Dordoi.help.","Чӣ тавр таъминкунандаи Бозори Дордой-ро ёфтан мумкин","present","true","true","false",""
"/tj/blog/kargoi-dordoi-chi-tavr-kor-mekunad","tj","blog_guide","app/[locale]/blog/[slug]/page.tsx","200","true","https://dordoi.help/tj/blog/kargoi-dordoi-chi-tavr-kor-mekunad","true","tg","Каргои Дордой: интиқол аз Дордой чӣ тавр кор мекунад | Dordoi.help","Омодагӣ ба интиқол аз Дордой: таъминкунанда, байер, санҷиши партия, самти карго ва мувофиқаи бехатар.","Каргои Дордой: интиқол чӣ тавр кор мекунад","present","true","true","false",""
"/tj/blog/dordoi-yakluht-chi-tavr-haridan","tj","blog_guide","app/[locale]/blog/[slug]/page.tsx","200","true","https://dordoi.help/tj/blog/dordoi-yakluht-chi-tavr-haridan","true","tg","Бозори Дордой: чӣ тавр опт харидан мумкин | Dordoi.help","Хариди оптӣ аз Дордой: категория, таъминкунанда, партия, байер, санҷиш ва интиқол.","Чӣ тавр аз Бозори Дордой опт харидан мумкин","present","true","true","false",""
"/tj/blog/taminkunandai-dordoi-chi-tavr-sanjidan","tj","blog_guide","app/[locale]/blog/[slug]/page.tsx","200","true","https://dordoi.help/tj/blog/taminkunandai-dordoi-chi-tavr-sanjidan","true","tg","Таъминкунандаи Дордойро чӣ тавр санҷидан | Роҳнамои Dordoi.help | Dordoi.help","Роҳнамои амалӣ: таъминкунандаи дордойро чӣ тавр санҷидан. Каталог, категорияҳо, байер, карго ва дастрасии бехатар ба контактҳо.","Таъминкунандаи Дордойро чӣ тавр санҷидан","present","true","true","false",""
"/tj/blog/cheklisti-harid-az-dordoi","tj","blog_guide","app/[locale]/blog/[slug]/page.tsx","200","true","https://dordoi.help/tj/blog/cheklisti-harid-az-dordoi","true","tg","Чек-листи харид аз Дордой | Роҳнамои Dordoi.help | Dordoi.help","Роҳнамои амалӣ: чек-листи харид аз дордой. Каталог, категорияҳо, байер, карго ва дастрасии бехатар ба контактҳо.","Чек-листи харид аз Дордой","present","true","true","false",""
"/tj/blog/taminkunandagoni-dordoi-mukoisa-kardan","tj","blog_guide","app/[locale]/blog/[slug]/page.tsx","200","true","https://dordoi.help/tj/blog/taminkunandagoni-dordoi-mukoisa-kardan","true","tg","Таъминкунандагони Дордойро муқоиса кардан | Роҳнамои Dordoi.help | Dordoi.help","Роҳнамои амалӣ: таъминкунандагони дордойро муқоиса кардан. Каталог, категорияҳо, байер, карго ва дастрасии бехатар ба контактҳо.","Таъминкунандагони Дордойро муқоиса кардан","present","true","true","false",""
"/tj/blog/ba-taminkunandai-dordoi-chi-tavr-navishtan","tj","blog_guide","app/[locale]/blog/[slug]/page.tsx","200","true","https://dordoi.help/tj/blog/ba-taminkunandai-dordoi-chi-tavr-navishtan","true","tg","Ба таъминкунандаи Дордой чӣ тавр навиштан | Роҳнамои Dordoi.help | Dordoi.help","Роҳнамои амалӣ: ба таъминкунандаи дордой чӣ тавр навиштан. Каталог, категорияҳо, байер, карго ва дастрасии бехатар ба контактҳо.","Ба таъминкунандаи Дордой чӣ тавр навиштан","present","true","true","false",""
"/tj/blog/az-dordoi-fosilavi-chi-tavr-haridan","tj","blog_guide","app/[locale]/blog/[slug]/page.tsx","200","true","https://dordoi.help/tj/blog/az-dordoi-fosilavi-chi-tavr-haridan","true","tg","Аз Дордой фосилавӣ чӣ тавр харидан | Роҳнамои Dordoi.help | Dordoi.help","Роҳнамои амалӣ: аз дордой фосилавӣ чӣ тавр харидан. Каталог, категорияҳо, байер, карго ва дастрасии бехатар ба контактҳо.","Аз Дордой фосилавӣ чӣ тавр харидан","present","true","true","false",""
"/tj/blog/az-dordoi-ba-qazoqiston-intiqol","tj","blog_guide","app/[locale]/blog/[slug]/page.tsx","200","true","https://dordoi.help/tj/blog/az-dordoi-ba-qazoqiston-intiqol","true","tg","Аз Дордой ба Қазоқистон интиқол | Роҳнамои Dordoi.help | Dordoi.help","Роҳнамои амалӣ: аз дордой ба қазоқистон интиқол. Каталог, категорияҳо, байер, карго ва дастрасии бехатар ба контактҳо.","Аз Дордой ба Қазоқистон интиқол","present","true","true","false",""
"/tj/blog/az-dordoi-ba-uzbekiston-intiqol","tj","blog_guide","app/[locale]/blog/[slug]/page.tsx","200","true","https://dordoi.help/tj/blog/az-dordoi-ba-uzbekiston-intiqol","true","tg","Аз Дордой ба Ӯзбекистон интиқол | Роҳнамои Dordoi.help | Dordoi.help","Роҳнамои амалӣ: аз дордой ба ӯзбекистон интиқол. Каталог, категорияҳо, байер, карго ва дастрасии бехатар ба контактҳо.","Аз Дордой ба Ӯзбекистон интиқол","present","true","true","false",""
"/tj/blog/az-dordoi-ba-tojikiston-intiqol","tj","blog_guide","app/[locale]/blog/[slug]/page.tsx","200","true","https://dordoi.help/tj/blog/az-dordoi-ba-tojikiston-intiqol","true","tg","Аз Дордой ба Тоҷикистон интиқол | Роҳнамои Dordoi.help | Dordoi.help","Роҳнамои амалӣ: аз дордой ба тоҷикистон интиқол. Каталог, категорияҳо, байер, карго ва дастрасии бехатар ба контактҳо.","Аз Дордой ба Тоҷикистон интиқол","present","true","true","false",""
"/tj/blog/az-dordoi-ba-rusiya-intiqol","tj","blog_guide","app/[locale]/blog/[slug]/page.tsx","200","true","https://dordoi.help/tj/blog/az-dordoi-ba-rusiya-intiqol","true","tg","Аз Дордой ба Русия интиқол | Роҳнамои Dordoi.help | Dordoi.help","Роҳнамои амалӣ: аз дордой ба русия интиқол. Каталог, категорияҳо, байер, карго ва дастрасии бехатар ба контактҳо.","Аз Дордой ба Русия интиқол","present","true","true","false",""
"/tj/blog/kargoi-dordoi-chi-qadar-vaqt-megirad","tj","blog_guide","app/[locale]/blog/[slug]/page.tsx","200","true","https://dordoi.help/tj/blog/kargoi-dordoi-chi-qadar-vaqt-megirad","true","tg","Каргои Дордой чӣ қадар вақт мегирад | Роҳнамои Dordoi.help | Dordoi.help","Роҳнамои амалӣ: каргои дордой чӣ қадар вақт мегирад. Каталог, категорияҳо, байер, карго ва дастрасии бехатар ба контактҳо.","Каргои Дордой чӣ қадар вақт мегирад","present","true","true","false",""
"/tj/blog/bayeri-dordoi-kist-va-baroi-chi-lozim","tj","blog_guide","app/[locale]/blog/[slug]/page.tsx","200","true","https://dordoi.help/tj/blog/bayeri-dordoi-kist-va-baroi-chi-lozim","true","tg","Байери Дордой кист ва барои чӣ лозим | Роҳнамои Dordoi.help | Dordoi.help","Роҳнамои амалӣ: байери дордой кист ва барои чӣ лозим. Каталог, категорияҳо, байер, карго ва дастрасии бехатар ба контактҳо.","Байери Дордой кист ва барои чӣ лозим","present","true","true","false",""
"/tj/blog/bayeri-dordoi-chi-tavr-intihob-kardan","tj","blog_guide","app/[locale]/blog/[slug]/page.tsx","200","true","https://dordoi.help/tj/blog/bayeri-dordoi-chi-tavr-intihob-kardan","true","tg","Байери Дордойро чӣ тавр интихоб кардан | Роҳнамои Dordoi.help | Dordoi.help","Роҳнамои амалӣ: байери дордойро чӣ тавр интихоб кардан. Каталог, категорияҳо, байер, карго ва дастрасии бехатар ба контактҳо.","Байери Дордойро чӣ тавр интихоб кардан","present","true","true","false",""
"/tj/blog/bayeri-dordoi-baroi-qazoqiston","tj","blog_guide","app/[locale]/blog/[slug]/page.tsx","200","true","https://dordoi.help/tj/blog/bayeri-dordoi-baroi-qazoqiston","true","tg","Байери Дордой барои Қазоқистон | Роҳнамои Dordoi.help | Dordoi.help","Роҳнамои амалӣ: байери дордой барои қазоқистон. Каталог, категорияҳо, байер, карго ва дастрасии бехатар ба контактҳо.","Байери Дордой барои Қазоқистон","present","true","true","false",""
"/tj/blog/dordoi-bayer-yo-haridi-mustaqil","tj","blog_guide","app/[locale]/blog/[slug]/page.tsx","200","true","https://dordoi.help/tj/blog/dordoi-bayer-yo-haridi-mustaqil","true","tg","Дордой: байер ё хариди мустақил | Роҳнамои Dordoi.help | Dordoi.help","Роҳнамои амалӣ: дордой: байер ё хариди мустақил. Каталог, категорияҳо, байер, карго ва дастрасии бехатар ба контактҳо.","Дордой: байер ё хариди мустақил","present","true","true","false",""
"/tj/blog/liboshoi-zanona-yakluht-dordoi","tj","blog_guide","app/[locale]/blog/[slug]/page.tsx","200","true","https://dordoi.help/tj/blog/liboshoi-zanona-yakluht-dordoi","true","tg","Дордой либосҳои занона яклухт | Роҳнамои Dordoi.help | Dordoi.help","Роҳнамои амалӣ: дордой либосҳои занона яклухт. Каталог, категорияҳо, байер, карго ва дастрасии бехатар ба контактҳо.","Дордой либосҳои занона яклухт","present","true","true","false",""
"/tj/blog/liboshoi-mardona-yakluht-dordoi","tj","blog_guide","app/[locale]/blog/[slug]/page.tsx","200","true","https://dordoi.help/tj/blog/liboshoi-mardona-yakluht-dordoi","true","tg","Дордой либосҳои мардона яклухт | Роҳнамои Dordoi.help | Dordoi.help","Роҳнамои амалӣ: дордой либосҳои мардона яклухт. Каталог, категорияҳо, байер, карго ва дастрасии бехатар ба контактҳо.","Дордой либосҳои мардона яклухт","present","true","true","false",""
"/tj/blog/liboshoi-kudakona-yakluht-dordoi","tj","blog_guide","app/[locale]/blog/[slug]/page.tsx","200","true","https://dordoi.help/tj/blog/liboshoi-kudakona-yakluht-dordoi","true","tg","Дордой либосҳои кӯдакона яклухт | Роҳнамои Dordoi.help | Dordoi.help","Роҳнамои амалӣ: дордой либосҳои кӯдакона яклухт. Каталог, категорияҳо, байер, карго ва дастрасии бехатар ба контактҳо.","Дордой либосҳои кӯдакона яклухт","present","true","true","false",""
"/tj/blog/poyafzol-yakluht-dordoi","tj","blog_guide","app/[locale]/blog/[slug]/page.tsx","200","true","https://dordoi.help/tj/blog/poyafzol-yakluht-dordoi","true","tg","Дордой пойафзол яклухт | Роҳнамои Dordoi.help | Dordoi.help","Роҳнамои амалӣ: дордой пойафзол яклухт. Каталог, категорияҳо, байер, карго ва дастрасии бехатар ба контактҳо.","Дордой пойафзол яклухт","present","true","true","false",""
"/tj/blog/sumkaho-yakluht-dordoi","tj","blog_guide","app/[locale]/blog/[slug]/page.tsx","200","true","https://dordoi.help/tj/blog/sumkaho-yakluht-dordoi","true","tg","Дордой сумкаҳо яклухт | Роҳнамои Dordoi.help | Dordoi.help","Роҳнамои амалӣ: дордой сумкаҳо яклухт. Каталог, категорияҳо, байер, карго ва дастрасии бехатар ба контактҳо.","Дордой сумкаҳо яклухт","present","true","true","false",""
"/tj/blog/mato-va-furnitura-dordoi","tj","blog_guide","app/[locale]/blog/[slug]/page.tsx","200","true","https://dordoi.help/tj/blog/mato-va-furnitura-dordoi","true","tg","Дордой матоъ ва фурнитура | Роҳнамои Dordoi.help | Dordoi.help","Роҳнамои амалӣ: дордой матоъ ва фурнитура. Каталог, категорияҳо, байер, карго ва дастрасии бехатар ба контактҳо.","Дордой матоъ ва фурнитура","present","true","true","false",""
"/tj/blog/dordoi-yakluht-dasturi-purra","tj","blog_guide","app/[locale]/blog/[slug]/page.tsx","200","true","https://dordoi.help/tj/blog/dordoi-yakluht-dasturi-purra","true","tg","Дордой яклухт дастури пурра | Роҳнамои Dordoi.help | Dordoi.help","Роҳнамои амалӣ: дордой яклухт дастури пурра. Каталог, категорияҳо, байер, карго ва дастрасии бехатар ба контактҳо.","Дордой яклухт дастури пурра","present","true","true","false",""
"/tj/blog/katalogi-onlaini-dordoi-chi-tavr-istifoda-burdan","tj","blog_guide","app/[locale]/blog/[slug]/page.tsx","200","true","https://dordoi.help/tj/blog/katalogi-onlaini-dordoi-chi-tavr-istifoda-burdan","true","tg","Каталоги онлайни Дордойро чӣ тавр истифода бурдан | Роҳнамои Dordoi.help | Dordoi.help","Роҳнамои амалӣ: каталоги онлайни дордойро чӣ тавр истифода бурдан. Каталог, категорияҳо, байер, карго ва дастрасии бехатар ба контактҳо.","Каталоги онлайни Дордойро чӣ тавр истифода бурдан","present","true","true","false",""
"/tj/blog/narhhoi-dordoi-va-prais-chi-tavr-anik-kardan","tj","blog_guide","app/[locale]/blog/[slug]/page.tsx","200","true","https://dordoi.help/tj/blog/narhhoi-dordoi-va-prais-chi-tavr-anik-kardan","true","tg","Нархҳои Дордой ва прайс-листҳоро чӣ тавр аниқ кардан | Роҳнамои Dordoi.help | Dordoi.help","Роҳнамои амалӣ: нархҳои дордой ва прайс-листҳоро чӣ тавр аниқ кардан. Каталог, категорияҳо, байер, карго ва дастрасии бехатар ба контактҳо.","Нархҳои Дордой ва прайс-листҳоро чӣ тавр аниқ кардан","present","true","true","false",""
"/tj/blog/kontakt-hoi-taminkunandagoni-dordoi-behatar-kushodan","tj","blog_guide","app/[locale]/blog/[slug]/page.tsx","200","true","https://dordoi.help/tj/blog/kontakt-hoi-taminkunandagoni-dordoi-behatar-kushodan","true","tg","Контактҳои таъминкунандагони Дордойро бехатар кушодан | Роҳнамои Dordoi.help | Dordoi.help","Роҳнамои амалӣ: контактҳои таъминкунандагони дордойро бехатар кушодан. Каталог, категорияҳо, байер, карго ва дастрасии бехатар ба контактҳо.","Контактҳои таъминкунандагони Дордойро бехатар кушодан","present","true","true","false",""
"/tj/blog/trikotazh-yakluht-dordoi","tj","blog_guide","app/[locale]/blog/[slug]/page.tsx","200","true","https://dordoi.help/tj/blog/trikotazh-yakluht-dordoi","true","tg","Дордой трикотаж яклухт | Роҳнамои Dordoi.help | Dordoi.help","Роҳнамои амалӣ: дордой трикотаж яклухт. Каталог, категорияҳо, байер, карго ва дастрасии бехатар ба контактҳо.","Дордой трикотаж яклухт","present","true","true","false",""
"/tj/blog/libosi-tagi-korset-yakluht-dordoi","tj","blog_guide","app/[locale]/blog/[slug]/page.tsx","200","true","https://dordoi.help/tj/blog/libosi-tagi-korset-yakluht-dordoi","true","tg","Дордой либоси таг ва корсет яклухт | Роҳнамои Dordoi.help | Dordoi.help","Роҳнамои амалӣ: дордой либоси таг ва корсет яклухт. Каталог, категорияҳо, байер, карго ва дастрасии бехатар ба контактҳо.","Дордой либоси таг ва корсет яклухт","present","true","true","false",""
"/tj/blog/qirghiziston-joypush-yakluht","tj","blog_guide","app/[locale]/blog/[slug]/page.tsx","200","true","https://dordoi.help/tj/blog/qirghiziston-joypush-yakluht","true","tg","Қирғизистон ҷойпӯш яклухт | Роҳнамои Dordoi.help | Dordoi.help","Роҳнамои амалӣ: қирғизистон ҷойпӯш яклухт. Каталог, категорияҳо, байер, карго ва дастрасии бехатар ба контактҳо.","Қирғизистон ҷойпӯш яклухт","present","true","true","false",""
"/tj/blog/taminkunandagon-baroi-wildberries-bishkek","tj","blog_guide","app/[locale]/blog/[slug]/page.tsx","200","true","https://dordoi.help/tj/blog/taminkunandagon-baroi-wildberries-bishkek","true","tg","Таъминкунандагон барои Wildberries Бишкек | Роҳнамои Dordoi.help | Dordoi.help","Роҳнамои амалӣ: таъминкунандагон барои wildberries бишкек. Каталог, категорияҳо, байер, карго ва дастрасии бехатар ба контактҳо.","Таъминкунандагон барои Wildberries Бишкек","present","true","true","false",""
"/tj/blog/molhoi-marketpleys-az-qirghiziston-yakluht","tj","blog_guide","app/[locale]/blog/[slug]/page.tsx","200","true","https://dordoi.help/tj/blog/molhoi-marketpleys-az-qirghiziston-yakluht","true","tg","Молҳои marketplace аз Қирғизистон яклухт | Роҳнамои Dordoi.help | Dordoi.help","Роҳнамои амалӣ: молҳои marketplace аз қирғизистон яклухт. Каталог, категорияҳо, байер, карго ва дастрасии бехатар ба контактҳо.","Молҳои marketplace аз Қирғизистон яклухт","present","true","true","false",""
"/tj/blog/tsehhhoi-duzandagi-bishkek-va-istehsoli-libos","tj","blog_guide","app/[locale]/blog/[slug]/page.tsx","200","true","https://dordoi.help/tj/blog/tsehhhoi-duzandagi-bishkek-va-istehsoli-libos","true","tg","Сехҳои дӯзандагии Бишкек ва истеҳсоли либос | Роҳнамои Dordoi.help | Dordoi.help","Роҳнамои амалӣ: сехҳои дӯзандагии бишкек ва истеҳсоли либос. Каталог, категорияҳо, байер, карго ва дастрасии бехатар ба контактҳо.","Сехҳои дӯзандагии Бишкек ва истеҳсоли либос","present","true","true","false",""
"/tj/blog/duhtani-libos-purrai-bishkek","tj","blog_guide","app/[locale]/blog/[slug]/page.tsx","200","true","https://dordoi.help/tj/blog/duhtani-libos-purrai-bishkek","true","tg","Дӯхтани либос пурра дар Бишкек | Роҳнамои Dordoi.help | Dordoi.help","Роҳнамои амалӣ: дӯхтани либос пурра дар бишкек. Каталог, категорияҳо, байер, карго ва дастрасии бехатар ба контактҳо.","Дӯхтани либос пурра дар Бишкек","present","true","true","false",""
"/tj/blog/bozorhoi-yakluhti-bishkek-taminkunanda-yoftan","tj","blog_guide","app/[locale]/blog/[slug]/page.tsx","200","true","https://dordoi.help/tj/blog/bozorhoi-yakluhti-bishkek-taminkunanda-yoftan","true","tg","Бозорҳои яклухти Бишкек ва ҷустуҷӯи таъминкунанда | Роҳнамои Dordoi.help | Dordoi.help","Роҳнамои амалӣ: бозорҳои яклухти бишкек ва ҷустуҷӯи таъминкунанда. Каталог, категорияҳо, байер, карго ва дастрасии бехатар ба контактҳо.","Бозорҳои яклухти Бишкек ва ҷустуҷӯи таъминкунанда","present","true","true","false",""
"/tj/blog/taminkunandagoni-bishkek-shariki-yakluht-yoftan","tj","blog_guide","app/[locale]/blog/[slug]/page.tsx","200","true","https://dordoi.help/tj/blog/taminkunandagoni-bishkek-shariki-yakluht-yoftan","true","tg","Таъминкунандагони Бишкек: шарики яклухтро чӣ тавр ёфтан | Роҳнамои Dordoi.help | Dordoi.help","Роҳнамои амалӣ: таъминкунандагони бишкек: шарики яклухтро чӣ тавр ёфтан. Каталог, категорияҳо, байер, карго ва дастрасии бехатар ба контактҳо.","Таъминкунандагони Бишкек: шарики яклухтро чӣ тавр ёфтан","present","true","true","false",""
"/tj/blog/dordoi-bishkek-taminkunandagon-katalog-kategoriyaho","tj","blog_guide","app/[locale]/blog/[slug]/page.tsx","200","true","https://dordoi.help/tj/blog/dordoi-bishkek-taminkunandagon-katalog-kategoriyaho","true","tg","Дордой Бишкек: таъминкунандагон, каталог ва категорияҳо | Роҳнамои Dordoi.help | Dordoi.help","Роҳнамои амалӣ: дордой бишкек: таъминкунандагон, каталог ва категорияҳо. Каталог, категорияҳо, байер, карго ва дастрасии бехатар ба контактҳо.","Дордой Бишкек: таъминкунандагон, каталог ва категорияҳо","present","true","true","false",""
"/tj/blog/bozorhoi-yakluhti-bishkek-dordoi-madina-alamedin","tj","blog_guide","app/[locale]/blog/[slug]/page.tsx","200","true","https://dordoi.help/tj/blog/bozorhoi-yakluhti-bishkek-dordoi-madina-alamedin","true","tg","Бозорҳои яклухти Бишкек: Дордой, Мадина, Аламедин | Роҳнамои Dordoi.help | Dordoi.help","Роҳнамои амалӣ: бозорҳои яклухти бишкек: дордой, мадина, аламедин. Каталог, категорияҳо, байер, карго ва дастрасии бехатар ба контактҳо.","Бозорҳои яклухти Бишкек: Дордой, Мадина, Аламедин","present","true","true","false",""
"/tj/blog/libos-yakluht-bishkek-taminkunandagoni-dordoi","tj","blog_guide","app/[locale]/blog/[slug]/page.tsx","200","true","https://dordoi.help/tj/blog/libos-yakluht-bishkek-taminkunandagoni-dordoi","true","tg","Либос яклухт Бишкек: таъминкунандагони Дордой | Роҳнамои Dordoi.help | Dordoi.help","Роҳнамои амалӣ: либос яклухт бишкек: таъминкунандагони дордой. Каталог, категорияҳо, байер, карго ва дастрасии бехатар ба контактҳо.","Либос яклухт Бишкек: таъминкунандагони Дордой","present","true","true","false",""
"/tj/blog/molhoi-yakluht-bishkek-baroi-dukon-marketpleys","tj","blog_guide","app/[locale]/blog/[slug]/page.tsx","200","true","https://dordoi.help/tj/blog/molhoi-yakluht-bishkek-baroi-dukon-marketpleys","true","tg","Молҳои яклухт Бишкек: барои дӯкон ва маркетплейс | Роҳнамои Dordoi.help | Dordoi.help","Роҳнамои амалӣ: молҳои яклухт бишкек: барои дӯкон ва маркетплейс. Каталог, категорияҳо, байер, карго ва дастрасии бехатар ба контактҳо.","Молҳои яклухт Бишкек: барои дӯкон ва маркетплейс","present","true","true","false",""
"/tj/blog/katalogi-taminkunandagoni-bishkek-istifoda","tj","blog_guide","app/[locale]/blog/[slug]/page.tsx","200","true","https://dordoi.help/tj/blog/katalogi-taminkunandagoni-bishkek-istifoda","true","tg","Каталоги таъминкунандагони Бишкекро чӣ тавр истифода бурдан | Роҳнамои Dordoi.help | Dordoi.help","Роҳнамои амалӣ: каталоги таъминкунандагони бишкекро чӣ тавр истифода бурдан. Каталог, категорияҳо, байер, карго ва дастрасии бехатар ба контактҳо.","Каталоги таъминкунандагони Бишкекро чӣ тавр истифода бурдан","present","true","true","false",""
"/tj/blog/bishkek-baroi-haridi-yakluht-bozor-intihob","tj","blog_guide","app/[locale]/blog/[slug]/page.tsx","200","true","https://dordoi.help/tj/blog/bishkek-baroi-haridi-yakluht-bozor-intihob","true","tg","Дар Бишкек барои хариди яклухт бозорро чӣ тавр интихоб кардан | Роҳнамои Dordoi.help | Dordoi.help","Роҳнамои амалӣ: дар бишкек барои хариди яклухт бозорро чӣ тавр интихоб кардан. Каталог, категорияҳо, байер, карго ва дастрасии бехатар ба контактҳо.","Дар Бишкек барои хариди яклухт бозорро чӣ тавр интихоб кардан","present","true","true","false",""
"/tj/catalog/postavshik-zhenskoy-odezhdy-a9e9","tj","vendor_sample_locked","app/[locale]/catalog/[slug]/page.tsx","200","true","https://dordoi.help/tj/suppliers/asso-corsets","true","tg","Таъминкунандаи либоси занона дар бозори Дордой | Dordoi.help","Таъминкунандаи либоси занона дар бозори Дордой. Тавсиф, категорияҳо ва шартҳо. Тамос тавассути Dordoi.help.","Таъминкунандаи либоси занона дар бозори Дордой","present","false","true","true",""
"/tj/suppliers/asso-corsets","tj","vendor_sample_locked","app/[locale]/suppliers/[seoSlug]/page.tsx","200","true","https://dordoi.help/tj/suppliers/asso-corsets","true","tg","Таъминкунандаи либоси занона дар бозори Дордой | Dordoi.help","Таъминкунандаи либоси занона дар бозори Дордой. Тавсиф, категорияҳо ва шартҳо. Тамос тавассути Dordoi.help.","Таъминкунандаи либоси занона дар бозори Дордой","present","false","true","true",""
"/sitemap.xml","none","technical","app/sitemap.xml/route.ts","200","false","","true","","","","","","false","true","true",""
"/sitemaps/core.xml","none","technical","app/sitemaps/core.xml/route.ts","200","false","","true","","","","","","false","true","true",""
"/robots.txt","none","technical","app/robots.ts","200","false","","true","","","","","","false","true","true",""
"/llms.txt","none","technical","app/llms.txt/route.ts","200","false","","true","","","","","","false","true","true",""